0.12824485053551155,0.036786659417841955,0.27934663502446977
0.12824485053551155,0.036786659417841955,0.27934663502446977
0.12824485053551155,0.036786659417841955,0.27934663502446977
0.12824485053551155,0.036786659417841955,0.27934663502446977
0.1534353268813612,-0.029284816284379157,-0.18859279311834776
0.1534353268813612,-0.029284816284379157,-0.18859279311834776
0.1534353268813612,-0.029284816284379157,-0.18859279311834776
0.1534353268813612,-0.029284816284379157,-0.18859279311834776
0.1534353268813612,-0.029284816284379157,-0.18859279311834776
0.1534353268813612,-0.029284816284379157,-0.18859279311834776
0.1534353268813612,-0.029284816284379157,-0.18859279311834776
0.1534353268813612,-0.029284816284379157,-0.18859279311834776
0.312766864833518,0.013299934669458956,0.04249787407754946
0.312766864833518,0.013299934669458956,0.04249787407754946
0.312766864833518,0.013299934669458956,0.04249787407754946
0.312766864833518,0.013299934669458956,0.04249787407754946
0.312766864833518,0.013299934669458956,0.04249787407754946
0.312766864833518,0.013299934669458956,0.04249787407754946
0.312766864833518,0.013299934669458956,0.04249787407754946
0.312766864833518,0.013299934669458956,0.04249787407754946
0.312766864833518,0.013299934669458956,0.04249787407754946
0.312766864833518,0.013299934669458956,0.04249787407754946
0.312766864833518,0.013299934669458956,0.04249787407754946
0.312766864833518,0.013299934669458956,0.04249787407754946
0.312766864833518,0.013299934669458956,0.04249787407754946
0.312766864833518,0.013299934669458956,0.04249787407754946
0.312766864833518,0.013299934669458956,0.04249787407754946
-0.12804861146591265,0.169125849891883,2.218838864477416
-0.12804861146591265,0.169125849891883,2.218838864477416
-0.12804861146591265,0.169125849891883,2.218838864477416
-0.12804861146591265,0.169125849891883,2.218838864477416
-0.12804861146591265,0.169125849891883,2.218838864477416
-0.12804861146591265,0.169125849891883,2.218838864477416
-0.12804861146591265,0.169125849891883,2.218838864477416
-0.12804861146591265,0.169125849891883,2.218838864477416
-0.12804861146591265,0.169125849891883,2.218838864477416
-0.12804861146591265,0.169125849891883,2.218838864477416
-0.12804861146591265,0.169125849891883,2.218838864477416
-0.12804861146591265,0.169125849891883,2.218838864477416
-0.12804861146591265,0.169125849891883,2.218838864477416
-0.12804861146591265,0.169125849891883,2.218838864477416
-0.12804861146591265,0.169125849891883,2.218838864477416
-0.12804861146591265,0.169125849891883,2.218838864477416
-0.12804861146591265,0.169125849891883,2.218838864477416
-0.30041692549759175,-0.30372630915772575,3.9324685751908612
-0.30041692549759175,-0.30372630915772575,3.9324685751908612
-0.30041692549759175,-0.30372630915772575,3.9324685751908612
-0.30041692549759175,-0.30372630915772575,3.9324685751908612
-0.30041692549759175,-0.30372630915772575,3.9324685751908612
-0.30041692549759175,-0.30372630915772575,3.9324685751908612
-0.30041692549759175,-0.30372630915772575,3.9324685751908612
-0.30041692549759175,-0.30372630915772575,3.9324685751908612
-0.30041692549759175,-0.30372630915772575,3.9324685751908612
-0.30041692549759175,-0.30372630915772575,3.9324685751908612
-0.30041692549759175,-0.30372630915772575,3.9324685751908612
-0.30041692549759175,-0.30372630915772575,3.9324685751908612
-0.30041692549759175,-0.30372630915772575,3.9324685751908612
-0.30041692549759175,-0.30372630915772575,3.9324685751908612
-0.30041692549759175,-0.30372630915772575,3.9324685751908612
-0.30041692549759175,-0.30372630915772575,3.9324685751908612
-0.30041692549759175,-0.30372630915772575,3.9324685751908612
-0.30041692549759175,-0.30372630915772575,3.9324685751908612
-0.30041692549759175,-0.30372630915772575,3.9324685751908612
-0.04952907689296595,0.006846206404328391,3.0042370278748645
-0.04952907689296595,0.006846206404328391,3.0042370278748645
-0.04952907689296595,0.006846206404328391,3.0042370278748645
-0.04952907689296595,0.006846206404328391,3.0042370278748645
-0.04952907689296595,0.006846206404328391,3.0042370278748645
-0.04952907689296595,0.006846206404328391,3.0042370278748645
-0.04952907689296595,0.006846206404328391,3.0042370278748645
-0.04952907689296595,0.006846206404328391,3.0042370278748645
-0.04952907689296595,0.006846206404328391,3.0042370278748645
-0.04952907689296595,0.006846206404328391,3.0042370278748645
-0.04952907689296595,0.006846206404328391,3.0042370278748645
-0.04952907689296595,0.006846206404328391,3.0042370278748645
-0.04952907689296595,0.006846206404328391,3.0042370278748645
-0.04952907689296595,0.006846206404328391,3.0042370278748645
-0.04952907689296595,0.006846206404328391,3.0042370278748645
-0.04952907689296595,0.006846206404328391,3.0042370278748645
-0.04952907689296595,0.006846206404328391,3.0042370278748645
-0.18507041555162004,-0.499448637286709,4.357525863861122
-0.18507041555162004,-0.499448637286709,4.357525863861122
-0.18507041555162004,-0.499448637286709,4.357525863861122
-0.18507041555162004,-0.499448637286709,4.357525863861122
-0.18507041555162004,-0.499448637286709,4.357525863861122
-0.18507041555162004,-0.499448637286709,4.357525863861122
-0.18507041555162004,-0.499448637286709,4.357525863861122
-0.18507041555162004,-0.499448637286709,4.357525863861122
-0.18507041555162004,-0.499448637286709,4.357525863861122
-0.18507041555162004,-0.499448637286709,4.357525863861122
-0.18507041555162004,-0.499448637286709,4.357525863861122
-0.18507041555162004,-0.499448637286709,4.357525863861122
-0.18507041555162004,-0.499448637286709,4.357525863861122
-0.18507041555162004,-0.499448637286709,4.357525863861122
-0.18507041555162004,-0.499448637286709,4.357525863861122
-0.18507041555162004,-0.499448637286709,4.357525863861122
-0.18507041555162004,-0.499448637286709,4.357525863861122
-0.18507041555162004,-0.499448637286709,4.357525863861122
-0.18507041555162004,-0.499448637286709,4.357525863861122
0.3444741127590779,-0.2682118297891539,-0.6615630179085077
0.3444741127590779,-0.2682118297891539,-0.6615630179085077
0.3444741127590779,-0.2682118297891539,-0.6615630179085077
0.3444741127590779,-0.2682118297891539,-0.6615630179085077
0.3444741127590779,-0.2682118297891539,-0.6615630179085077
0.3444741127590779,-0.2682118297891539,-0.6615630179085077
0.3444741127590779,-0.2682118297891539,-0.6615630179085077
0.3444741127590779,-0.2682118297891539,-0.6615630179085077
0.3444741127590779,-0.2682118297891539,-0.6615630179085077
0.3444741127590779,-0.2682118297891539,-0.6615630179085077
0.3444741127590779,-0.2682118297891539,-0.6615630179085077
0.3444741127590779,-0.2682118297891539,-0.6615630179085077
0.13778787236979817,-0.12615269409649643,-0.7413441158182907
0.13778787236979817,-0.12615269409649643,-0.7413441158182907
0.13778787236979817,-0.12615269409649643,-0.7413441158182907
0.13778787236979817,-0.12615269409649643,-0.7413441158182907
0.13778787236979817,-0.12615269409649643,-0.7413441158182907
0.13778787236979817,-0.12615269409649643,-0.7413441158182907
0.13778787236979817,-0.12615269409649643,-0.7413441158182907
0.13778787236979817,-0.12615269409649643,-0.7413441158182907
0.14100461536569006,0.26498622312409714,1.0817836827701608
0.14100461536569006,0.26498622312409714,1.0817836827701608
0.14100461536569006,0.26498622312409714,1.0817836827701608
0.14100461536569006,0.26498622312409714,1.0817836827701608
0.14100461536569006,0.26498622312409714,1.0817836827701608
0.14100461536569006,0.26498622312409714,1.0817836827701608
-0.37208664198186,-0.2914644589974276,3.8060823722175785
-0.37208664198186,-0.2914644589974276,3.8060823722175785
-0.37208664198186,-0.2914644589974276,3.8060823722175785
-0.37208664198186,-0.2914644589974276,3.8060823722175785
-0.37208664198186,-0.2914644589974276,3.8060823722175785
-0.37208664198186,-0.2914644589974276,3.8060823722175785
-0.37208664198186,-0.2914644589974276,3.8060823722175785
-0.37208664198186,-0.2914644589974276,3.8060823722175785
-0.37208664198186,-0.2914644589974276,3.8060823722175785
-0.37208664198186,-0.2914644589974276,3.8060823722175785
-0.4573606495938642,0.024924610389704407,3.087149885274415
-0.4573606495938642,0.024924610389704407,3.087149885274415
-0.4573606495938642,0.024924610389704407,3.087149885274415
-0.4573606495938642,0.024924610389704407,3.087149885274415
-0.4573606495938642,0.024924610389704407,3.087149885274415
-0.4573606495938642,0.024924610389704407,3.087149885274415
-0.4573606495938642,0.024924610389704407,3.087149885274415
-0.4573606495938642,0.024924610389704407,3.087149885274415
-0.4573606495938642,0.024924610389704407,3.087149885274415
-0.4573606495938642,0.024924610389704407,3.087149885274415
-0.4573606495938642,0.024924610389704407,3.087149885274415
-0.4573606495938642,0.024924610389704407,3.087149885274415
-0.4573606495938642,0.024924610389704407,3.087149885274415
-0.4573606495938642,0.024924610389704407,3.087149885274415
-0.4573606495938642,0.024924610389704407,3.087149885274415
-0.4573606495938642,0.024924610389704407,3.087149885274415
-0.4573606495938642,0.024924610389704407,3.087149885274415
0.2528045244791005,0.03301321557945957,0.12985310421472507
0.2528045244791005,0.03301321557945957,0.12985310421472507
0.2528045244791005,0.03301321557945957,0.12985310421472507
0.2528045244791005,0.03301321557945957,0.12985310421472507
0.2528045244791005,0.03301321557945957,0.12985310421472507
0.2528045244791005,0.03301321557945957,0.12985310421472507
0.2528045244791005,0.03301321557945957,0.12985310421472507
0.2528045244791005,0.03301321557945957,0.12985310421472507
0.5757416024703886,-0.2992016162804423,-0.4792676711165105
0.5757416024703886,-0.2992016162804423,-0.4792676711165105
0.5757416024703886,-0.2992016162804423,-0.4792676711165105
0.5757416024703886,-0.2992016162804423,-0.4792676711165105
0.5757416024703886,-0.2992016162804423,-0.4792676711165105
0.5757416024703886,-0.2992016162804423,-0.4792676711165105
0.5757416024703886,-0.2992016162804423,-0.4792676711165105
0.37850944638706485,-0.1744436843103174,-0.4318566401705217
0.37850944638706485,-0.1744436843103174,-0.4318566401705217
0.37850944638706485,-0.1744436843103174,-0.4318566401705217
0.37850944638706485,-0.1744436843103174,-0.4318566401705217
0.37850944638706485,-0.1744436843103174,-0.4318566401705217
0.37850944638706485,-0.1744436843103174,-0.4318566401705217
0.37850944638706485,-0.1744436843103174,-0.4318566401705217
0.37850944638706485,-0.1744436843103174,-0.4318566401705217
-0.13762434365450069,-0.04753461931758677,3.474158232782697
-0.13762434365450069,-0.04753461931758677,3.474158232782697
-0.13762434365450069,-0.04753461931758677,3.474158232782697
-0.13762434365450069,-0.04753461931758677,3.474158232782697
-0.13762434365450069,-0.04753461931758677,3.474158232782697
-0.13762434365450069,-0.04753461931758677,3.474158232782697
-0.17284618150543984,-0.08440496157802896,3.595856014805793
-0.17284618150543984,-0.08440496157802896,3.595856014805793
-0.17284618150543984,-0.08440496157802896,3.595856014805793
-0.17284618150543984,-0.08440496157802896,3.595856014805793
-0.17284618150543984,-0.08440496157802896,3.595856014805793
-0.17284618150543984,-0.08440496157802896,3.595856014805793
-0.17284618150543984,-0.08440496157802896,3.595856014805793
-0.17284618150543984,-0.08440496157802896,3.595856014805793
-0.2964948343540037,-0.425547662667053,4.103856256152646
-0.2964948343540037,-0.425547662667053,4.103856256152646
-0.2964948343540037,-0.425547662667053,4.103856256152646
-0.2964948343540037,-0.425547662667053,4.103856256152646
-0.2964948343540037,-0.425547662667053,4.103856256152646
-0.2964948343540037,-0.425547662667053,4.103856256152646
-0.2964948343540037,-0.425547662667053,4.103856256152646
-0.2964948343540037,-0.425547662667053,4.103856256152646
-0.2964948343540037,-0.425547662667053,4.103856256152646
-0.2964948343540037,-0.425547662667053,4.103856256152646
-0.2964948343540037,-0.425547662667053,4.103856256152646
-0.2964948343540037,-0.425547662667053,4.103856256152646
-0.2964948343540037,-0.425547662667053,4.103856256152646
-0.2964948343540037,-0.425547662667053,4.103856256152646
-0.2964948343540037,-0.425547662667053,4.103856256152646
-0.2964948343540037,-0.425547662667053,4.103856256152646
-0.2964948343540037,-0.425547662667053,4.103856256152646
-0.36248954063686567,0.21517744521411644,2.6058848718659395
-0.36248954063686567,0.21517744521411644,2.6058848718659395
-0.36248954063686567,0.21517744521411644,2.6058848718659395
-0.36248954063686567,0.21517744521411644,2.6058848718659395
-0.36248954063686567,0.21517744521411644,2.6058848718659395
-0.36248954063686567,0.21517744521411644,2.6058848718659395
-0.36248954063686567,0.21517744521411644,2.6058848718659395
-0.36248954063686567,0.21517744521411644,2.6058848718659395
-0.36248954063686567,0.21517744521411644,2.6058848718659395
0.25878045995538085,-0.3434132693203359,-0.9250245035569944
0.25878045995538085,-0.3434132693203359,-0.9250245035569944
0.25878045995538085,-0.3434132693203359,-0.9250245035569944
0.25878045995538085,-0.3434132693203359,-0.9250245035569944
0.25878045995538085,-0.3434132693203359,-0.9250245035569944
0.25878045995538085,-0.3434132693203359,-0.9250245035569944
0.25878045995538085,-0.3434132693203359,-0.9250245035569944
0.25878045995538085,-0.3434132693203359,-0.9250245035569944
0.25878045995538085,-0.3434132693203359,-0.9250245035569944
0.25878045995538085,-0.3434132693203359,-0.9250245035569944
0.25878045995538085,-0.3434132693203359,-0.9250245035569944
0.4287419798914728,-0.33760970761922704,-0.6670369630911468
0.4287419798914728,-0.33760970761922704,-0.6670369630911468
0.4287419798914728,-0.33760970761922704,-0.6670369630911468
0.4287419798914728,-0.33760970761922704,-0.6670369630911468
0.4287419798914728,-0.33760970761922704,-0.6670369630911468
0.4287419798914728,-0.33760970761922704,-0.6670369630911468
0.4287419798914728,-0.33760970761922704,-0.6670369630911468
0.4287419798914728,-0.33760970761922704,-0.6670369630911468
0.4287419798914728,-0.33760970761922704,-0.6670369630911468
0.4287419798914728,-0.33760970761922704,-0.6670369630911468
-0.13325535673032413,0.0851058746660538,2.573225289469327
-0.13325535673032413,0.0851058746660538,2.573225289469327
-0.13325535673032413,0.0851058746660538,2.573225289469327
-0.13325535673032413,0.0851058746660538,2.573225289469327
-0.13325535673032413,0.0851058746660538,2.573225289469327
-0.13325535673032413,0.0851058746660538,2.573225289469327
-0.13325535673032413,0.0851058746660538,2.573225289469327
-0.13325535673032413,0.0851058746660538,2.573225289469327
-0.13325535673032413,0.0851058746660538,2.573225289469327
0.44529675326853246,-0.29565317777508116,-0.5861169791769636
0.44529675326853246,-0.29565317777508116,-0.5861169791769636
0.44529675326853246,-0.29565317777508116,-0.5861169791769636
0.44529675326853246,-0.29565317777508116,-0.5861169791769636
0.44529675326853246,-0.29565317777508116,-0.5861169791769636
0.44529675326853246,-0.29565317777508116,-0.5861169791769636
0.44529675326853246,-0.29565317777508116,-0.5861169791769636
-0.19723648739277244,0.01725595668054142,3.0543261909900767
-0.19723648739277244,0.01725595668054142,3.0543261909900767
-0.19723648739277244,0.01725595668054142,3.0543261909900767
-0.19723648739277244,0.01725595668054142,3.0543261909900767
-0.19723648739277244,0.01725595668054142,3.0543261909900767
-0.19723648739277244,0.01725595668054142,3.0543261909900767
-0.19723648739277244,0.01725595668054142,3.0543261909900767
-0.19723648739277244,0.01725595668054142,3.0543261909900767
0.0032561254565838076,-0.15617105252578337,4.733235697505663
0.0032561254565838076,-0.15617105252578337,4.733235697505663
0.0032561254565838076,-0.15617105252578337,4.733235697505663
0.0032561254565838076,-0.15617105252578337,4.733235697505663
0.0032561254565838076,-0.15617105252578337,4.733235697505663
0.0032561254565838076,-0.15617105252578337,4.733235697505663
0.0032561254565838076,-0.15617105252578337,4.733235697505663
0.0032561254565838076,-0.15617105252578337,4.733235697505663
0.0032561254565838076,-0.15617105252578337,4.733235697505663
0.0032561254565838076,-0.15617105252578337,4.733235697505663
0.0032561254565838076,-0.15617105252578337,4.733235697505663
0.0032561254565838076,-0.15617105252578337,4.733235697505663
0.0032561254565838076,-0.15617105252578337,4.733235697505663
0.0032561254565838076,-0.15617105252578337,4.733235697505663
0.0032561254565838076,-0.15617105252578337,4.733235697505663
0.0032561254565838076,-0.15617105252578337,4.733235697505663
0.0032561254565838076,-0.15617105252578337,4.733235697505663
0.15982117699202025,-0.0579412753129005,-0.34780071470355
0.15982117699202025,-0.0579412753129005,-0.34780071470355
0.15982117699202025,-0.0579412753129005,-0.34780071470355
0.15982117699202025,-0.0579412753129005,-0.34780071470355
0.15982117699202025,-0.0579412753129005,-0.34780071470355
0.15982117699202025,-0.0579412753129005,-0.34780071470355
0.15982117699202025,-0.0579412753129005,-0.34780071470355
0.15982117699202025,-0.0579412753129005,-0.34780071470355
0.15982117699202025,-0.0579412753129005,-0.34780071470355
0.15982117699202025,-0.0579412753129005,-0.34780071470355
0.15982117699202025,-0.0579412753129005,-0.34780071470355
0.15982117699202025,-0.0579412753129005,-0.34780071470355
0.15982117699202025,-0.0579412753129005,-0.34780071470355
0.029254148064766824,0.02727993440249994,0.7504915783575616
0.029254148064766824,0.02727993440249994,0.7504915783575616
0.029254148064766824,0.02727993440249994,0.7504915783575616
0.029254148064766824,0.02727993440249994,0.7504915783575616
0.029254148064766824,0.02727993440249994,0.7504915783575616
0.029254148064766824,0.02727993440249994,0.7504915783575616
0.029254148064766824,0.02727993440249994,0.7504915783575616
0.029254148064766824,0.02727993440249994,0.7504915783575616
0.029254148064766824,0.02727993440249994,0.7504915783575616
0.029254148064766824,0.02727993440249994,0.7504915783575616
0.029254148064766824,0.02727993440249994,0.7504915783575616
0.029254148064766824,0.02727993440249994,0.7504915783575616
0.029254148064766824,0.02727993440249994,0.7504915783575616
0.029254148064766824,0.02727993440249994,0.7504915783575616
-0.10888822724598392,-0.16075868240075547,4.1170337509025
-0.10888822724598392,-0.16075868240075547,4.1170337509025
-0.10888822724598392,-0.16075868240075547,4.1170337509025
-0.10888822724598392,-0.16075868240075547,4.1170337509025
-0.10888822724598392,-0.16075868240075547,4.1170337509025
-0.10888822724598392,-0.16075868240075547,4.1170337509025
-0.10888822724598392,-0.16075868240075547,4.1170337509025
-0.10888822724598392,-0.16075868240075547,4.1170337509025
-0.10888822724598392,-0.16075868240075547,4.1170337509025
-0.10888822724598392,-0.16075868240075547,4.1170337509025
-0.10888822724598392,-0.16075868240075547,4.1170337509025
-0.10888822724598392,-0.16075868240075547,4.1170337509025
-0.10888822724598392,-0.16075868240075547,4.1170337509025
-0.10888822724598392,-0.16075868240075547,4.1170337509025
-0.10888822724598392,-0.16075868240075547,4.1170337509025
-0.10888822724598392,-0.16075868240075547,4.1170337509025
0.1767766952966368,-0.24748737341529167,5.332638466367511
0.1767766952966368,-0.24748737341529167,5.332638466367511
0.1767766952966368,-0.24748737341529167,5.332638466367511
0.1767766952966368,-0.24748737341529167,5.332638466367511
0.1767766952966368,-0.24748737341529167,5.332638466367511
0.1767766952966368,-0.24748737341529167,5.332638466367511
0.1767766952966368,-0.24748737341529167,5.332638466367511
0.1767766952966368,-0.24748737341529167,5.332638466367511
0.1767766952966368,-0.24748737341529167,5.332638466367511
0.1767766952966368,-0.24748737341529167,5.332638466367511
0.1767766952966368,-0.24748737341529167,5.332638466367511
0.1767766952966368,-0.24748737341529167,5.332638466367511
-0.4525483399593904,-0.09899494936611657,3.356950353287531
-0.4525483399593904,-0.09899494936611657,3.356950353287531
-0.4525483399593904,-0.09899494936611657,3.356950353287531
-0.4525483399593904,-0.09899494936611657,3.356950353287531
-0.4525483399593904,-0.09899494936611657,3.356950353287531
-0.4525483399593904,-0.09899494936611657,3.356950353287531
-0.4525483399593904,-0.09899494936611657,3.356950353287531
-0.4525483399593904,-0.09899494936611657,3.356950353287531
-0.4525483399593904,-0.09899494936611657,3.356950353287531
-0.4525483399593904,-0.09899494936611657,3.356950353287531
-0.4525483399593904,-0.09899494936611657,3.356950353287531
-0.4525483399593904,-0.09899494936611657,3.356950353287531
-0.4525483399593904,-0.09899494936611657,3.356950353287531
-0.4525483399593904,-0.09899494936611657,3.356950353287531
0.27577164466275345,-0.40305086527633216,5.312439193786443
0.27577164466275345,-0.40305086527633216,5.312439193786443
0.27577164466275345,-0.40305086527633216,5.312439193786443
0.27577164466275345,-0.40305086527633216,5.312439193786443
0.27577164466275345,-0.40305086527633216,5.312439193786443
0.27577164466275345,-0.40305086527633216,5.312439193786443
0.27577164466275345,-0.40305086527633216,5.312439193786443
0.27577164466275345,-0.40305086527633216,5.312439193786443
0.27577164466275345,-0.40305086527633216,5.312439193786443
0.27577164466275345,-0.40305086527633216,5.312439193786443
0.27577164466275345,-0.40305086527633216,5.312439193786443
0.27577164466275345,-0.40305086527633216,5.312439193786443
0.27577164466275345,-0.40305086527633216,5.312439193786443
0.27577164466275345,-0.40305086527633216,5.312439193786443
0.27577164466275345,-0.40305086527633216,5.312439193786443
0.27577164466275345,-0.40305086527633216,5.312439193786443
0.27577164466275345,-0.40305086527633216,5.312439193786443
0.05656854249492382,0.1414213562373095,1.1902899496825317
0.05409178384394053,0.142387074274951,1.2077432422024752
0.05409178384394053,0.142387074274951,1.2077432422024752
0.05409178384394053,0.142387074274951,1.2077432422024752
0.05409178384394053,0.142387074274951,1.2077432422024752
0.05409178384394053,0.142387074274951,1.2077432422024752
0.05409178384394053,0.142387074274951,1.2077432422024752
0.05409178384394053,0.142387074274951,1.2077432422024752
0.05409178384394053,0.142387074274951,1.2077432422024752
0.05409178384394053,0.142387074274951,1.2077432422024752
0.05409178384394053,0.142387074274951,1.2077432422024752
0.05409178384394053,0.142387074274951,1.2077432422024752
0.05409178384394053,0.142387074274951,1.2077432422024752
0.05409178384394053,0.142387074274951,1.2077432422024752
0.05409178384394053,0.142387074274951,1.2077432422024752
0.05409178384394053,0.142387074274951,1.2077432422024752
0.05409178384394053,0.142387074274951,1.2077432422024752
0.18032857868225582,-0.20194455603070233,5.441301398644141
0.18032857868225582,-0.20194455603070233,5.441301398644141
0.18032857868225582,-0.20194455603070233,5.441301398644141
0.18032857868225582,-0.20194455603070233,5.441301398644141
0.18032857868225582,-0.20194455603070233,5.441301398644141
0.18032857868225582,-0.20194455603070233,5.441301398644141
0.18032857868225582,-0.20194455603070233,5.441301398644141
0.18032857868225582,-0.20194455603070233,5.441301398644141
0.18032857868225582,-0.20194455603070233,5.441301398644141
0.18032857868225582,-0.20194455603070233,5.441301398644141
0.18032857868225582,-0.20194455603070233,5.441301398644141
0.18032857868225582,-0.20194455603070233,5.441301398644141
0.18032857868225582,-0.20194455603070233,5.441301398644141
0.18032857868225582,-0.20194455603070233,5.441301398644141
0.18032857868225582,-0.20194455603070233,5.441301398644141
0.18032857868225582,-0.20194455603070233,5.441301398644141
0.0166910519119594,-0.27535687532014214,4.772930973946254
0.0166910519119594,-0.27535687532014214,4.772930973946254
0.0166910519119594,-0.27535687532014214,4.772930973946254
0.0166910519119594,-0.27535687532014214,4.772930973946254
0.0166910519119594,-0.27535687532014214,4.772930973946254
0.0166910519119594,-0.27535687532014214,4.772930973946254
0.0166910519119594,-0.27535687532014214,4.772930973946254
0.0166910519119594,-0.27535687532014214,4.772930973946254
0.0166910519119594,-0.27535687532014214,4.772930973946254
0.0166910519119594,-0.27535687532014214,4.772930973946254
0.0166910519119594,-0.27535687532014214,4.772930973946254
0.0166910519119594,-0.27535687532014214,4.772930973946254
0.0166910519119594,-0.27535687532014214,4.772930973946254
0.0166910519119594,-0.27535687532014214,4.772930973946254
0.0166910519119594,-0.27535687532014214,4.772930973946254
0.0166910519119594,-0.27535687532014214,4.772930973946254
0.0166910519119594,-0.27535687532014214,4.772930973946254
0.0166910519119594,-0.27535687532014214,4.772930973946254
0.40129820575779285,-0.3613305274337835,-0.7330382858376185
0.40129820575779285,-0.3613305274337835,-0.7330382858376185
0.40129820575779285,-0.3613305274337835,-0.7330382858376185
0.40129820575779285,-0.3613305274337835,-0.7330382858376185
0.40129820575779285,-0.3613305274337835,-0.7330382858376185
0.40129820575779285,-0.3613305274337835,-0.7330382858376185
0.40129820575779285,-0.3613305274337835,-0.7330382858376185
0.40129820575779285,-0.3613305274337835,-0.7330382858376185
0.40129820575779285,-0.3613305274337835,-0.7330382858376185
0.40129820575779285,-0.3613305274337835,-0.7330382858376185
0.40129820575779285,-0.3613305274337835,-0.7330382858376185
0.40129820575779285,-0.3613305274337835,-0.7330382858376185
0.40129820575779285,-0.3613305274337835,-0.7330382858376185
0.40129820575779285,-0.3613305274337835,-0.7330382858376185
0.40129820575779285,-0.3613305274337835,-0.7330382858376185
0.40129820575779285,-0.3613305274337835,-0.7330382858376185
0.40129820575779285,-0.3613305274337835,-0.7330382858376185
0.40129820575779285,-0.3613305274337835,-0.7330382858376185
0.40129820575779285,-0.3613305274337835,-0.7330382858376185
0.40129820575779285,-0.3613305274337835,-0.7330382858376185
0.8867429269491772,-0.03141626180190906,-0.0354140147673907
0.8867429269491772,-0.03141626180190906,-0.0354140147673907
0.8867429269491772,-0.03141626180190906,-0.0354140147673907
0.8867429269491772,-0.03141626180190906,-0.0354140147673907
0.8867429269491772,-0.03141626180190906,-0.0354140147673907
0.8867429269491772,-0.03141626180190906,-0.0354140147673907
0.8867429269491772,-0.03141626180190906,-0.0354140147673907
0.8867429269491772,-0.03141626180190906,-0.0354140147673907
0.8867429269491772,-0.03141626180190906,-0.0354140147673907
0.8867429269491772,-0.03141626180190906,-0.0354140147673907
0.8867429269491772,-0.03141626180190906,-0.0354140147673907
0.8867429269491772,-0.03141626180190906,-0.0354140147673907
0.8867429269491772,-0.03141626180190906,-0.0354140147673907
0.8867429269491772,-0.03141626180190906,-0.0354140147673907
0.8867429269491772,-0.03141626180190906,-0.0354140147673907
0.8867429269491772,-0.03141626180190906,-0.0354140147673907
0.8867429269491772,-0.03141626180190906,-0.0354140147673907
0.8867429269491772,-0.03141626180190906,-0.0354140147673907
0.8867429269491772,-0.03141626180190906,-0.0354140147673907
0.14930905460082344,-0.41702134983020755,5.056205652422387
0.14930905460082344,-0.41702134983020755,5.056205652422387
0.14930905460082344,-0.41702134983020755,5.056205652422387
0.14930905460082344,-0.41702134983020755,5.056205652422387
0.14930905460082344,-0.41702134983020755,5.056205652422387
0.14930905460082344,-0.41702134983020755,5.056205652422387
0.14930905460082344,-0.41702134983020755,5.056205652422387
0.14930905460082344,-0.41702134983020755,5.056205652422387
0.14930905460082344,-0.41702134983020755,5.056205652422387
0.14930905460082344,-0.41702134983020755,5.056205652422387
0.14930905460082344,-0.41702134983020755,5.056205652422387
0.14930905460082344,-0.41702134983020755,5.056205652422387
0.14930905460082344,-0.41702134983020755,5.056205652422387
0.14930905460082344,-0.41702134983020755,5.056205652422387
0.14930905460082344,-0.41702134983020755,5.056205652422387
0.14930905460082344,-0.41702134983020755,5.056205652422387
0.14930905460082344,-0.41702134983020755,5.056205652422387
0.14930905460082344,-0.41702134983020755,5.056205652422387
0.14930905460082344,-0.41702134983020755,5.056205652422387
0.14930905460082344,-0.41702134983020755,5.056205652422387
0.14930905460082344,-0.41702134983020755,5.056205652422387
0.507283481477549,-0.3614740231607482,-0.6191112181350884
0.507283481477549,-0.3614740231607482,-0.6191112181350884
0.507283481477549,-0.3614740231607482,-0.6191112181350884
0.507283481477549,-0.3614740231607482,-0.6191112181350884
0.507283481477549,-0.3614740231607482,-0.6191112181350884
0.507283481477549,-0.3614740231607482,-0.6191112181350884
0.507283481477549,-0.3614740231607482,-0.6191112181350884
0.507283481477549,-0.3614740231607482,-0.6191112181350884
0.507283481477549,-0.3614740231607482,-0.6191112181350884
0.507283481477549,-0.3614740231607482,-0.6191112181350884
0.507283481477549,-0.3614740231607482,-0.6191112181350884
0.507283481477549,-0.3614740231607482,-0.6191112181350884
0.507283481477549,-0.3614740231607482,-0.6191112181350884
0.507283481477549,-0.3614740231607482,-0.6191112181350884
0.507283481477549,-0.3614740231607482,-0.6191112181350884
0.507283481477549,-0.3614740231607482,-0.6191112181350884
0.507283481477549,-0.3614740231607482,-0.6191112181350884
0.507283481477549,-0.3614740231607482,-0.6191112181350884
0.507283481477549,-0.3614740231607482,-0.6191112181350884
-0.06304619263432955,-0.09069276483995298,4.104917166787703
-0.06304619263432955,-0.09069276483995298,4.104917166787703
-0.06304619263432955,-0.09069276483995298,4.104917166787703
-0.06304619263432955,-0.09069276483995298,4.104917166787703
-0.06304619263432955,-0.09069276483995298,4.104917166787703
-0.06304619263432955,-0.09069276483995298,4.104917166787703
-0.06304619263432955,-0.09069276483995298,4.104917166787703
-0.06304619263432955,-0.09069276483995298,4.104917166787703
-0.06304619263432955,-0.09069276483995298,4.104917166787703
-0.06304619263432955,-0.09069276483995298,4.104917166787703
-0.06304619263432955,-0.09069276483995298,4.104917166787703
-0.06304619263432955,-0.09069276483995298,4.104917166787703
-0.06304619263432955,-0.09069276483995298,4.104917166787703
-0.06304619263432955,-0.09069276483995298,4.104917166787703
-0.06304619263432955,-0.09069276483995298,4.104917166787703
-0.06304619263432955,-0.09069276483995298,4.104917166787703
0.005632772821134921,-0.22664569678320717,4.7372366329884485
0.005632772821134921,-0.22664569678320717,4.7372366329884485
0.005632772821134921,-0.22664569678320717,4.7372366329884485
0.005632772821134921,-0.22664569678320717,4.7372366329884485
0.005632772821134921,-0.22664569678320717,4.7372366329884485
0.005632772821134921,-0.22664569678320717,4.7372366329884485
0.005632772821134921,-0.22664569678320717,4.7372366329884485
0.005632772821134921,-0.22664569678320717,4.7372366329884485
0.005632772821134921,-0.22664569678320717,4.7372366329884485
0.005632772821134921,-0.22664569678320717,4.7372366329884485
0.005632772821134921,-0.22664569678320717,4.7372366329884485
0.005632772821134921,-0.22664569678320717,4.7372366329884485
0.005632772821134921,-0.22664569678320717,4.7372366329884485
0.005632772821134921,-0.22664569678320717,4.7372366329884485
0.19547385020796113,-0.12485981693433472,-0.5684291636418197
0.19547385020796113,-0.12485981693433472,-0.5684291636418197
0.19547385020796113,-0.12485981693433472,-0.5684291636418197
0.19547385020796113,-0.12485981693433472,-0.5684291636418197
0.19547385020796113,-0.12485981693433472,-0.5684291636418197
0.19547385020796113,-0.12485981693433472,-0.5684291636418197
0.19547385020796113,-0.12485981693433472,-0.5684291636418197
0.19547385020796113,-0.12485981693433472,-0.5684291636418197
0.19547385020796113,-0.12485981693433472,-0.5684291636418197
0.19547385020796113,-0.12485981693433472,-0.5684291636418197
0.19547385020796113,-0.12485981693433472,-0.5684291636418197
0.19547385020796113,-0.12485981693433472,-0.5684291636418197
0.19547385020796113,-0.12485981693433472,-0.5684291636418197
0.19547385020796113,-0.12485981693433472,-0.5684291636418197
0.19547385020796113,-0.12485981693433472,-0.5684291636418197
0.19547385020796113,-0.12485981693433472,-0.5684291636418197
0.19547385020796113,-0.12485981693433472,-0.5684291636418197
-0.23976648340218137,-0.09905570875498025,3.5333699993916223
-0.23976648340218137,-0.09905570875498025,3.5333699993916223
-0.23976648340218137,-0.09905570875498025,3.5333699993916223
-0.23976648340218137,-0.09905570875498025,3.5333699993916223
-0.23976648340218137,-0.09905570875498025,3.5333699993916223
-0.23976648340218137,-0.09905570875498025,3.5333699993916223
-0.23976648340218137,-0.09905570875498025,3.5333699993916223
-0.23976648340218137,-0.09905570875498025,3.5333699993916223
-0.23976648340218137,-0.09905570875498025,3.5333699993916223
-0.23976648340218137,-0.09905570875498025,3.5333699993916223
-0.23976648340218137,-0.09905570875498025,3.5333699993916223
-0.23976648340218137,-0.09905570875498025,3.5333699993916223
-0.23976648340218137,-0.09905570875498025,3.5333699993916223
-0.23976648340218137,-0.09905570875498025,3.5333699993916223
-0.23976648340218137,-0.09905570875498025,3.5333699993916223
0.0022001022434053386,-0.10627868812757599,4.733087279208583
0.0022001022434053386,-0.10627868812757599,4.733087279208583
0.0022001022434053386,-0.10627868812757599,4.733087279208583
0.0022001022434053386,-0.10627868812757599,4.733087279208583
0.0022001022434053386,-0.10627868812757599,4.733087279208583
0.0022001022434053386,-0.10627868812757599,4.733087279208583
0.0022001022434053386,-0.10627868812757599,4.733087279208583
0.0022001022434053386,-0.10627868812757599,4.733087279208583
0.0022001022434053386,-0.10627868812757599,4.733087279208583
0.0022001022434053386,-0.10627868812757599,4.733087279208583
0.0022001022434053386,-0.10627868812757599,4.733087279208583
0.0022001022434053386,-0.10627868812757599,4.733087279208583
0.0022001022434053386,-0.10627868812757599,4.733087279208583
0.0022001022434053386,-0.10627868812757599,4.733087279208583
0.0022001022434053386,-0.10627868812757599,4.733087279208583
0.3468016399202751,0.015120269462145414,0.043571592470358134
0.3468016399202751,0.015120269462145414,0.043571592470358134
0.3468016399202751,0.015120269462145414,0.043571592470358134
0.3468016399202751,0.015120269462145414,0.043571592470358134
0.3468016399202751,0.015120269462145414,0.043571592470358134
0.3468016399202751,0.015120269462145414,0.043571592470358134
0.3468016399202751,0.015120269462145414,0.043571592470358134
0.3468016399202751,0.015120269462145414,0.043571592470358134
0.3468016399202751,0.015120269462145414,0.043571592470358134
0.3468016399202751,0.015120269462145414,0.043571592470358134
0.3468016399202751,0.015120269462145414,0.043571592470358134
0.3468016399202751,0.015120269462145414,0.043571592470358134
0.3468016399202751,0.015120269462145414,0.043571592470358134
0.3468016399202751,0.015120269462145414,0.043571592470358134
0.3468016399202751,0.015120269462145414,0.043571592470358134
0.3468016399202751,0.015120269462145414,0.043571592470358134
0.3468016399202751,0.015120269462145414,0.043571592470358134
0.3468016399202751,0.015120269462145414,0.043571592470358134
0.3468016399202751,0.015120269462145414,0.043571592470358134
-0.30013041356007586,0.2173056254593006,2.5149157456879725
-0.30013041356007586,0.2173056254593006,2.5149157456879725
-0.30013041356007586,0.2173056254593006,2.5149157456879725
-0.30013041356007586,0.2173056254593006,2.5149157456879725
-0.30013041356007586,0.2173056254593006,2.5149157456879725
-0.30013041356007586,0.2173056254593006,2.5149157456879725
-0.30013041356007586,0.2173056254593006,2.5149157456879725
-0.30013041356007586,0.2173056254593006,2.5149157456879725
-0.30013041356007586,0.2173056254593006,2.5149157456879725
-0.30013041356007586,0.2173056254593006,2.5149157456879725
-0.30013041356007586,0.2173056254593006,2.5149157456879725
-0.30013041356007586,0.2173056254593006,2.5149157456879725
-0.30013041356007586,0.2173056254593006,2.5149157456879725
-0.30013041356007586,0.2173056254593006,2.5149157456879725
-0.30013041356007586,0.2173056254593006,2.5149157456879725
-0.30013041356007586,0.2173056254593006,2.5149157456879725
0.1513321376006124,-0.28982509230435743,5.1935990699508725
0.1513321376006124,-0.28982509230435743,5.1935990699508725
0.1513321376006124,-0.28982509230435743,5.1935990699508725
0.1513321376006124,-0.28982509230435743,5.1935990699508725
0.1513321376006124,-0.28982509230435743,5.1935990699508725
0.1513321376006124,-0.28982509230435743,5.1935990699508725
0.1513321376006124,-0.28982509230435743,5.1935990699508725
0.0806711075538397,-0.09106136615511995,5.4373582214871705
0.0806711075538397,-0.09106136615511995,5.4373582214871705
0.0806711075538397,-0.09106136615511995,5.4373582214871705
0.0806711075538397,-0.09106136615511995,5.4373582214871705
0.0806711075538397,-0.09106136615511995,5.4373582214871705
0.0806711075538397,-0.09106136615511995,5.4373582214871705
0.0806711075538397,-0.09106136615511995,5.4373582214871705
0.14233949570288737,0.11721547663618362,0.6889022651631094
0.14233949570288737,0.11721547663618362,0.6889022651631094
0.14233949570288737,0.11721547663618362,0.6889022651631094
0.14233949570288737,0.11721547663618362,0.6889022651631094
0.14233949570288737,0.11721547663618362,0.6889022651631094
0.14233949570288737,0.11721547663618362,0.6889022651631094
0.304125988367839,-0.09801725970095809,-0.3117803217542936
0.304125988367839,-0.09801725970095809,-0.3117803217542936
0.304125988367839,-0.09801725970095809,-0.3117803217542936
0.304125988367839,-0.09801725970095809,-0.3117803217542936
0.304125988367839,-0.09801725970095809,-0.3117803217542936
0.304125988367839,-0.09801725970095809,-0.3117803217542936
0.304125988367839,-0.09801725970095809,-0.3117803217542936
0.304125988367839,-0.09801725970095809,-0.3117803217542936
0.304125988367839,-0.09801725970095809,-0.3117803217542936
0.304125988367839,-0.09801725970095809,-0.3117803217542936
0.061922635934830994,-0.03414069652017043,-0.5038747686337377
0.061922635934830994,-0.03414069652017043,-0.5038747686337377
0.061922635934830994,-0.03414069652017043,-0.5038747686337377
0.061922635934830994,-0.03414069652017043,-0.5038747686337377
0.061922635934830994,-0.03414069652017043,-0.5038747686337377
0.061922635934830994,-0.03414069652017043,-0.5038747686337377
0.061922635934830994,-0.03414069652017043,-0.5038747686337377
0.061922635934830994,-0.03414069652017043,-0.5038747686337377
0.061922635934830994,-0.03414069652017043,-0.5038747686337377
0.061922635934830994,-0.03414069652017043,-0.5038747686337377
0.061922635934830994,-0.03414069652017043,-0.5038747686337377
0.061922635934830994,-0.03414069652017043,-0.5038747686337377
0.061922635934830994,-0.03414069652017043,-0.5038747686337377
0.6309032920168114,-0.186443117658845,-0.2873395772216094
0.6309032920168114,-0.186443117658845,-0.2873395772216094
0.6309032920168114,-0.186443117658845,-0.2873395772216094
0.6309032920168114,-0.186443117658845,-0.2873395772216094
0.6309032920168114,-0.186443117658845,-0.2873395772216094
0.6309032920168114,-0.186443117658845,-0.2873395772216094
0.6309032920168114,-0.186443117658845,-0.2873395772216094
0.6309032920168114,-0.186443117658845,-0.2873395772216094
0.6309032920168114,-0.186443117658845,-0.2873395772216094
0.6309032920168114,-0.186443117658845,-0.2873395772216094
0.6309032920168114,-0.186443117658845,-0.2873395772216094
0.6309032920168114,-0.186443117658845,-0.2873395772216094
0.6309032920168114,-0.186443117658845,-0.2873395772216094
0.6309032920168114,-0.186443117658845,-0.2873395772216094
0.6309032920168114,-0.186443117658845,-0.2873395772216094
0.6309032920168114,-0.186443117658845,-0.2873395772216094
0.6309032920168114,-0.186443117658845,-0.2873395772216094
0.6309032920168114,-0.186443117658845,-0.2873395772216094
0.6309032920168114,-0.186443117658845,-0.2873395772216094
0.10729701742744528,-0.16058440164341775,5.301428780168909
0.10729701742744528,-0.16058440164341775,5.301428780168909
0.10729701742744528,-0.16058440164341775,5.301428780168909
0.10729701742744528,-0.16058440164341775,5.301428780168909
0.10729701742744528,-0.16058440164341775,5.301428780168909
0.10729701742744528,-0.16058440164341775,5.301428780168909
0.10729701742744528,-0.16058440164341775,5.301428780168909
0.10729701742744528,-0.16058440164341775,5.301428780168909
0.10729701742744528,-0.16058440164341775,5.301428780168909
0.10729701742744528,-0.16058440164341775,5.301428780168909
0.10729701742744528,-0.16058440164341775,5.301428780168909
0.10729701742744528,-0.16058440164341775,5.301428780168909
0.10729701742744528,-0.16058440164341775,5.301428780168909
0.10729701742744528,-0.16058440164341775,5.301428780168909
0.10729701742744528,-0.16058440164341775,5.301428780168909
0.44809486881444116,-0.17947420021320276,-0.38096081006611104
0.45115887848265174,-0.17162653165019648,-0.3635075175461675
0.45115887848265174,-0.17162653165019648,-0.3635075175461675
0.45115887848265174,-0.17162653165019648,-0.3635075175461675
0.45115887848265174,-0.17162653165019648,-0.3635075175461675
0.45115887848265174,-0.17162653165019648,-0.3635075175461675
0.45115887848265174,-0.17162653165019648,-0.3635075175461675
0.3104175268013163,-0.040508752814103245,-0.12976433667726583
0.3110772239268226,-0.035085050291848115,-0.11231104415732229
0.3110772239268226,-0.035085050291848115,-0.11231104415732229
0.3110772239268226,-0.035085050291848115,-0.11231104415732229
0.3110772239268226,-0.035085050291848115,-0.11231104415732229
0.3110772239268226,-0.035085050291848115,-0.11231104415732229
0.3110772239268226,-0.035085050291848115,-0.11231104415732229
0.3110772239268226,-0.035085050291848115,-0.11231104415732229
0.25029844945825425,-0.05523301728851826,-0.21718798288755625
0.25029844945825425,-0.05523301728851826,-0.21718798288755625
0.25029844945825425,-0.05523301728851826,-0.21718798288755625
0.25029844945825425,-0.05523301728851826,-0.21718798288755625
0.25029844945825425,-0.05523301728851826,-0.21718798288755625
0.25029844945825425,-0.05523301728851826,-0.21718798288755625
0.25029844945825425,-0.05523301728851826,-0.21718798288755625
0.25029844945825425,-0.05523301728851826,-0.21718798288755625
0.5427153268634531,0.038210914507446014,0.07029092577724727
0.5427153268634531,0.038210914507446014,0.07029092577724727
0.5427153268634531,0.038210914507446014,0.07029092577724727
0.5427153268634531,0.038210914507446014,0.07029092577724727
0.5427153268634531,0.038210914507446014,0.07029092577724727
0.5427153268634531,0.038210914507446014,0.07029092577724727
0.5427153268634531,0.038210914507446014,0.07029092577724727
0.5427153268634531,0.038210914507446014,0.07029092577724727
0.5427153268634531,0.038210914507446014,0.07029092577724727
-0.09101464971706913,-0.19030589464564468,4.266288618609204
-0.09101464971706913,-0.19030589464564468,4.266288618609204
-0.09101464971706913,-0.19030589464564468,4.266288618609204
-0.09101464971706913,-0.19030589464564468,4.266288618609204
-0.09101464971706913,-0.19030589464564468,4.266288618609204
-0.09101464971706913,-0.19030589464564468,4.266288618609204
-0.09101464971706913,-0.19030589464564468,4.266288618609204
-0.09101464971706913,-0.19030589464564468,4.266288618609204
-0.09101464971706913,-0.19030589464564468,4.266288618609204
-0.09101464971706913,-0.19030589464564468,4.266288618609204
-0.09101464971706913,-0.19030589464564468,4.266288618609204
-0.09101464971706913,-0.19030589464564468,4.266288618609204
-0.09101464971706913,-0.19030589464564468,4.266288618609204
-0.09101464971706913,-0.19030589464564468,4.266288618609204
-0.09101464971706913,-0.19030589464564468,4.266288618609204
-0.09101464971706913,-0.19030589464564468,4.266288618609204
-0.09101464971706913,-0.19030589464564468,4.266288618609204
-0.09101464971706913,-0.19030589464564468,4.266288618609204
-0.09101464971706913,-0.19030589464564468,4.266288618609204
-0.08736385117914013,-0.05447529263022877,3.6991449929139972
-0.08736385117914013,-0.05447529263022877,3.6991449929139972
-0.08736385117914013,-0.05447529263022877,3.6991449929139972
-0.08736385117914013,-0.05447529263022877,3.6991449929139972
-0.08736385117914013,-0.05447529263022877,3.6991449929139972
-0.08736385117914013,-0.05447529263022877,3.6991449929139972
-0.08736385117914013,-0.05447529263022877,3.6991449929139972
-0.08736385117914013,-0.05447529263022877,3.6991449929139972
-0.08736385117914013,-0.05447529263022877,3.6991449929139972
-0.08736385117914013,-0.05447529263022877,3.6991449929139972
-0.08736385117914013,-0.05447529263022877,3.6991449929139972
-0.08736385117914013,-0.05447529263022877,3.6991449929139972
-0.08736385117914013,-0.05447529263022877,3.6991449929139972
0.49514041663359515,0.12180298771339652,0.2412074675933189
0.49514041663359515,0.12180298771339652,0.2412074675933189
0.49514041663359515,0.12180298771339652,0.2412074675933189
0.49514041663359515,0.12180298771339652,0.2412074675933189
0.49514041663359515,0.12180298771339652,0.2412074675933189
0.49514041663359515,0.12180298771339652,0.2412074675933189
0.49514041663359515,0.12180298771339652,0.2412074675933189
0.49514041663359515,0.12180298771339652,0.2412074675933189
0.49514041663359515,0.12180298771339652,0.2412074675933189
0.49514041663359515,0.12180298771339652,0.2412074675933189
0.49514041663359515,0.12180298771339652,0.2412074675933189
-0.16224836663588604,-0.16424210033967263,3.9330973013224444
-0.16224836663588604,-0.16424210033967263,3.9330973013224444
-0.16224836663588604,-0.16424210033967263,3.9330973013224444
-0.16224836663588604,-0.16424210033967263,3.9330973013224444
-0.16224836663588604,-0.16424210033967263,3.9330973013224444
-0.16224836663588604,-0.16424210033967263,3.9330973013224444
-0.16224836663588604,-0.16424210033967263,3.9330973013224444
-0.16224836663588604,-0.16424210033967263,3.9330973013224444
-0.16224836663588604,-0.16424210033967263,3.9330973013224444
-0.16224836663588604,-0.16424210033967263,3.9330973013224444
0.15629662922990867,0.023903215084344957,0.1517590580864443
0.15629662922990867,0.023903215084344957,0.1517590580864443
0.15629662922990867,0.023903215084344957,0.1517590580864443
0.15629662922990867,0.023903215084344957,0.1517590580864443
0.15629662922990867,0.023903215084344957,0.1517590580864443
0.15629662922990867,0.023903215084344957,0.1517590580864443
0.15629662922990867,0.023903215084344957,0.1517590580864443
0.15629662922990867,0.023903215084344957,0.1517590580864443
0.7430747737071317,-0.015488081872680817,-0.020840217057692012
0.7430747737071317,-0.015488081872680817,-0.020840217057692012
0.7430747737071317,-0.015488081872680817,-0.020840217057692012
0.7430747737071317,-0.015488081872680817,-0.020840217057692012
0.7430747737071317,-0.015488081872680817,-0.020840217057692012
0.7430747737071317,-0.015488081872680817,-0.020840217057692012
0.05787937217440406,0.007069531575488003,0.12154047979194482
0.05787937217440406,0.007069531575488003,0.12154047979194482
0.05787937217440406,0.007069531575488003,0.12154047979194482
0.05787937217440406,0.007069531575488003,0.12154047979194482
0.05787937217440406,0.007069531575488003,0.12154047979194482
0.05787937217440406,0.007069531575488003,0.12154047979194482
0.05787937217440406,0.007069531575488003,0.12154047979194482
0.10715179726616693,0.15006162848186827,0.9507016529622585
0.10715179726616693,0.15006162848186827,0.9507016529622585
0.10715179726616693,0.15006162848186827,0.9507016529622585
0.10715179726616693,0.15006162848186827,0.9507016529622585
0.10715179726616693,0.15006162848186827,0.9507016529622585
0.10715179726616693,0.15006162848186827,0.9507016529622585
0.10715179726616693,0.15006162848186827,0.9507016529622585
0.14319694927809695,0.060783498726596275,0.4014257279586957
0.14319694927809695,0.060783498726596275,0.4014257279586957
0.14319694927809695,0.060783498726596275,0.4014257279586957
0.14319694927809695,0.060783498726596275,0.4014257279586957
0.14319694927809695,0.060783498726596275,0.4014257279586957
0.14319694927809695,0.060783498726596275,0.4014257279586957
0.14319694927809695,0.060783498726596275,0.4014257279586957
0.14319694927809695,0.060783498726596275,0.4014257279586957
-0.4256581293206718,-0.11922733303746334,3.414695153862694
-0.4256581293206718,-0.11922733303746334,3.414695153862694
-0.4256581293206718,-0.11922733303746334,3.414695153862694
-0.4256581293206718,-0.11922733303746334,3.414695153862694
-0.4256581293206718,-0.11922733303746334,3.414695153862694
-0.4256581293206718,-0.11922733303746334,3.414695153862694
-0.4256581293206718,-0.11922733303746334,3.414695153862694
-0.4256581293206718,-0.11922733303746334,3.414695153862694
0.33490365298405755,-0.015477183785623239,-0.04618098202389476
0.33490365298405755,-0.015477183785623239,-0.04618098202389476
0.33490365298405755,-0.015477183785623239,-0.04618098202389476
0.33490365298405755,-0.015477183785623239,-0.04618098202389476
0.33490365298405755,-0.015477183785623239,-0.04618098202389476
0.33490365298405755,-0.015477183785623239,-0.04618098202389476
0.33490365298405755,-0.015477183785623239,-0.04618098202389476
0.33490365298405755,-0.015477183785623239,-0.04618098202389476
0.33490365298405755,-0.015477183785623239,-0.04618098202389476
0.0954874341930963,0.0623069009919375,0.5781406000652867
0.0954874341930963,0.0623069009919375,0.5781406000652867
0.0954874341930963,0.0623069009919375,0.5781406000652867
0.0954874341930963,0.0623069009919375,0.5781406000652867
0.0954874341930963,0.0623069009919375,0.5781406000652867
0.0954874341930963,0.0623069009919375,0.5781406000652867
0.0954874341930963,0.0623069009919375,0.5781406000652867
0.0954874341930963,0.0623069009919375,0.5781406000652867
0.0954874341930963,0.0623069009919375,0.5781406000652867
0.0954874341930963,0.0623069009919375,0.5781406000652867
0.0954874341930963,0.0623069009919375,0.5781406000652867
0.0954874341930963,0.0623069009919375,0.5781406000652867
0.0954874341930963,0.0623069009919375,0.5781406000652867
0.0954874341930963,0.0623069009919375,0.5781406000652867
0.0954874341930963,0.0623069009919375,0.5781406000652867
0.0954874341930963,0.0623069009919375,0.5781406000652867
0.0954874341930963,0.0623069009919375,0.5781406000652867
-0.18496063532995322,-0.21328282485549568,3.9979890579917363
-0.18496063532995322,-0.21328282485549568,3.9979890579917363
-0.18496063532995322,-0.21328282485549568,3.9979890579917363
-0.18496063532995322,-0.21328282485549568,3.9979890579917363
-0.18496063532995322,-0.21328282485549568,3.9979890579917363
-0.18496063532995322,-0.21328282485549568,3.9979890579917363
-0.18496063532995322,-0.21328282485549568,3.9979890579917363
-0.18496063532995322,-0.21328282485549568,3.9979890579917363
-0.18496063532995322,-0.21328282485549568,3.9979890579917363
-0.18496063532995322,-0.21328282485549568,3.9979890579917363
-0.18496063532995322,-0.21328282485549568,3.9979890579917363
-0.18496063532995322,-0.21328282485549568,3.9979890579917363
-0.18496063532995322,-0.21328282485549568,3.9979890579917363
-0.18496063532995322,-0.21328282485549568,3.9979890579917363
-0.18496063532995322,-0.21328282485549568,3.9979890579917363
-0.18496063532995322,-0.21328282485549568,3.9979890579917363
-0.18496063532995322,-0.21328282485549568,3.9979890579917363
-0.18496063532995322,-0.21328282485549568,3.9979890579917363
-0.18496063532995322,-0.21328282485549568,3.9979890579917363
0.30479921076547695,0.09432624829146093,0.30012217445766565
0.30479921076547695,0.09432624829146093,0.30012217445766565
0.30479921076547695,0.09432624829146093,0.30012217445766565
0.30479921076547695,0.09432624829146093,0.30012217445766565
0.30479921076547695,0.09432624829146093,0.30012217445766565
0.30479921076547695,0.09432624829146093,0.30012217445766565
0.30479921076547695,0.09432624829146093,0.30012217445766565
0.30479921076547695,0.09432624829146093,0.30012217445766565
0.30479921076547695,0.09432624829146093,0.30012217445766565
0.30479921076547695,0.09432624829146093,0.30012217445766565
0.30479921076547695,0.09432624829146093,0.30012217445766565
0.30479921076547695,0.09432624829146093,0.30012217445766565
0.30479921076547695,0.09432624829146093,0.30012217445766565
0.30479921076547695,0.09432624829146093,0.30012217445766565
0.30479921076547695,0.09432624829146093,0.30012217445766565
0.30479921076547695,0.09432624829146093,0.30012217445766565
0.30479921076547695,0.09432624829146093,0.30012217445766565
0.30479921076547695,0.09432624829146093,0.30012217445766565
0.30479921076547695,0.09432624829146093,0.30012217445766565
0.30479921076547695,0.09432624829146093,0.30012217445766565
0.30479921076547695,0.09432624829146093,0.30012217445766565
0.30479921076547695,0.09432624829146093,0.30012217445766565
0.6153820631263298,0.17608212965085865,0.2786882521149425
0.6153820631263298,0.17608212965085865,0.2786882521149425
0.6153820631263298,0.17608212965085865,0.2786882521149425
0.6153820631263298,0.17608212965085865,0.2786882521149425
0.6153820631263298,0.17608212965085865,0.2786882521149425
0.6153820631263298,0.17608212965085865,0.2786882521149425
0.6153820631263298,0.17608212965085865,0.2786882521149425
0.6153820631263298,0.17608212965085865,0.2786882521149425
0.6153820631263298,0.17608212965085865,0.2786882521149425
0.6153820631263298,0.17608212965085865,0.2786882521149425
0.6153820631263298,0.17608212965085865,0.2786882521149425
0.6153820631263298,0.17608212965085865,0.2786882521149425
0.6153820631263298,0.17608212965085865,0.2786882521149425
0.6153820631263298,0.17608212965085865,0.2786882521149425
0.6153820631263298,0.17608212965085865,0.2786882521149425
0.6153820631263298,0.17608212965085865,0.2786882521149425
0.3610637124304303,0.015264192279826751,0.042250461518867244
0.3610637124304303,0.015264192279826751,0.042250461518867244
0.3610637124304303,0.015264192279826751,0.042250461518867244
0.3610637124304303,0.015264192279826751,0.042250461518867244
0.3610637124304303,0.015264192279826751,0.042250461518867244
0.3610637124304303,0.015264192279826751,0.042250461518867244
0.3610637124304303,0.015264192279826751,0.042250461518867244
0.3610637124304303,0.015264192279826751,0.042250461518867244
0.3610637124304303,0.015264192279826751,0.042250461518867244
0.3610637124304303,0.015264192279826751,0.042250461518867244
0.3610637124304303,0.015264192279826751,0.042250461518867244
0.3610637124304303,0.015264192279826751,0.042250461518867244
0.3610637124304303,0.015264192279826751,0.042250461518867244
0.3610637124304303,0.015264192279826751,0.042250461518867244
0.6777327830277781,0.21558820656386252,0.3079803698230439
0.6777327830277781,0.21558820656386252,0.3079803698230439
0.6777327830277781,0.21558820656386252,0.3079803698230439
0.6777327830277781,0.21558820656386252,0.3079803698230439
0.6777327830277781,0.21558820656386252,0.3079803698230439
0.6777327830277781,0.21558820656386252,0.3079803698230439
0.6777327830277781,0.21558820656386252,0.3079803698230439
0.6777327830277781,0.21558820656386252,0.3079803698230439
0.6777327830277781,0.21558820656386252,0.3079803698230439
0.6777327830277781,0.21558820656386252,0.3079803698230439
0.6777327830277781,0.21558820656386252,0.3079803698230439
0.6777327830277781,0.21558820656386252,0.3079803698230439
0.6777327830277781,0.21558820656386252,0.3079803698230439
0.6777327830277781,0.21558820656386252,0.3079803698230439
0.4112557049820243,0.12397074299905693,0.292781435410991
0.4112557049820243,0.12397074299905693,0.292781435410991
0.4112557049820243,0.12397074299905693,0.292781435410991
0.4112557049820243,0.12397074299905693,0.292781435410991
0.4112557049820243,0.12397074299905693,0.292781435410991
0.4112557049820243,0.12397074299905693,0.292781435410991
0.4112557049820243,0.12397074299905693,0.292781435410991
0.4112557049820243,0.12397074299905693,0.292781435410991
0.4112557049820243,0.12397074299905693,0.292781435410991
0.4112557049820243,0.12397074299905693,0.292781435410991
0.4112557049820243,0.12397074299905693,0.292781435410991
0.4112557049820243,0.12397074299905693,0.292781435410991
0.4112557049820243,0.12397074299905693,0.292781435410991
0.4112557049820243,0.12397074299905693,0.292781435410991
0.4112557049820243,0.12397074299905693,0.292781435410991
0.253856897005451,0.023593978951500182,0.09267580473022052
0.253856897005451,0.023593978951500182,0.09267580473022052
0.253856897005451,0.023593978951500182,0.09267580473022052
0.253856897005451,0.023593978951500182,0.09267580473022052
0.253856897005451,0.023593978951500182,0.09267580473022052
0.253856897005451,0.023593978951500182,0.09267580473022052
0.253856897005451,0.023593978951500182,0.09267580473022052
0.253856897005451,0.023593978951500182,0.09267580473022052
0.253856897005451,0.023593978951500182,0.09267580473022052
0.253856897005451,0.023593978951500182,0.09267580473022052
0.253856897005451,0.023593978951500182,0.09267580473022052
0.253856897005451,0.023593978951500182,0.09267580473022052
0.253856897005451,0.023593978951500182,0.09267580473022052
0.253856897005451,0.023593978951500182,0.09267580473022052
-0.0590220513281548,-0.21567660387027765,4.445269017992494
-0.0590220513281548,-0.21567660387027765,4.445269017992494
-0.0590220513281548,-0.21567660387027765,4.445269017992494
-0.0590220513281548,-0.21567660387027765,4.445269017992494
-0.0590220513281548,-0.21567660387027765,4.445269017992494
-0.0590220513281548,-0.21567660387027765,4.445269017992494
-0.0590220513281548,-0.21567660387027765,4.445269017992494
-0.0590220513281548,-0.21567660387027765,4.445269017992494
-0.0590220513281548,-0.21567660387027765,4.445269017992494
-0.0590220513281548,-0.21567660387027765,4.445269017992494
-0.0590220513281548,-0.21567660387027765,4.445269017992494
-0.076385662535759,-0.37558651541152693,4.511748414230859
-0.076385662535759,-0.37558651541152693,4.511748414230859
-0.076385662535759,-0.37558651541152693,4.511748414230859
-0.076385662535759,-0.37558651541152693,4.511748414230859
-0.076385662535759,-0.37558651541152693,4.511748414230859
-0.076385662535759,-0.37558651541152693,4.511748414230859
-0.076385662535759,-0.37558651541152693,4.511748414230859
-0.076385662535759,-0.37558651541152693,4.511748414230859
-0.076385662535759,-0.37558651541152693,4.511748414230859
-0.076385662535759,-0.37558651541152693,4.511748414230859
-0.076385662535759,-0.37558651541152693,4.511748414230859
-0.076385662535759,-0.37558651541152693,4.511748414230859
0.2579715235926718,-0.038087964178669116,6.136600245830035
0.2579715235926718,-0.038087964178669116,6.136600245830035
0.2579715235926718,-0.038087964178669116,6.136600245830035
0.2579715235926718,-0.038087964178669116,6.136600245830035
0.2579715235926718,-0.038087964178669116,6.136600245830035
0.2579715235926718,-0.038087964178669116,6.136600245830035
0.2579715235926718,-0.038087964178669116,6.136600245830035
0.2579715235926718,-0.038087964178669116,6.136600245830035
0.2579715235926718,-0.038087964178669116,6.136600245830035
0.2579715235926718,-0.038087964178669116,6.136600245830035
0.2579715235926718,-0.038087964178669116,6.136600245830035
0.11364015674416861,-0.5066418012512991,4.933037805911571
0.11364015674416861,-0.5066418012512991,4.933037805911571
0.11364015674416861,-0.5066418012512991,4.933037805911571
0.11364015674416861,-0.5066418012512991,4.933037805911571
0.11364015674416861,-0.5066418012512991,4.933037805911571
0.11364015674416861,-0.5066418012512991,4.933037805911571
0.11364015674416861,-0.5066418012512991,4.933037805911571
0.11364015674416861,-0.5066418012512991,4.933037805911571
0.11364015674416861,-0.5066418012512991,4.933037805911571
0.11364015674416861,-0.5066418012512991,4.933037805911571
0.11364015674416861,-0.5066418012512991,4.933037805911571
0.11364015674416861,-0.5066418012512991,4.933037805911571
0.07993282644175237,-0.194449847665234,5.102403325801605
0.07993282644175237,-0.194449847665234,5.102403325801605
0.07993282644175237,-0.194449847665234,5.102403325801605
0.07993282644175237,-0.194449847665234,5.102403325801605
0.07993282644175237,-0.194449847665234,5.102403325801605
0.07993282644175237,-0.194449847665234,5.102403325801605
0.07993282644175237,-0.194449847665234,5.102403325801605
0.07993282644175237,-0.194449847665234,5.102403325801605
0.07993282644175237,-0.194449847665234,5.102403325801605
0.07993282644175237,-0.194449847665234,5.102403325801605
0.07993282644175237,-0.194449847665234,5.102403325801605
0.07993282644175237,-0.194449847665234,5.102403325801605
0.07993282644175237,-0.194449847665234,5.102403325801605
0.07993282644175237,-0.194449847665234,5.102403325801605
0.07993282644175237,-0.194449847665234,5.102403325801605
0.16344424249773787,0.06153031443394913,0.3600505640375573
0.16344424249773787,0.06153031443394913,0.3600505640375573
0.16344424249773787,0.06153031443394913,0.3600505640375573
0.16344424249773787,0.06153031443394913,0.3600505640375573
0.16344424249773787,0.06153031443394913,0.3600505640375573
0.16344424249773787,0.06153031443394913,0.3600505640375573
0.16344424249773787,0.06153031443394913,0.3600505640375573
0.16344424249773787,0.06153031443394913,0.3600505640375573
0.16344424249773787,0.06153031443394913,0.3600505640375573
0.16344424249773787,0.06153031443394913,0.3600505640375573
0.16344424249773787,0.06153031443394913,0.3600505640375573
0.16344424249773787,0.06153031443394913,0.3600505640375573
0.16344424249773787,0.06153031443394913,0.3600505640375573
0.16344424249773787,0.06153031443394913,0.3600505640375573
0.16344424249773787,0.06153031443394913,0.3600505640375573
0.29113018010472835,0.205044429897982,0.61360935981928
0.29113018010472835,0.205044429897982,0.61360935981928
0.29113018010472835,0.205044429897982,0.61360935981928
0.29113018010472835,0.205044429897982,0.61360935981928
0.29113018010472835,0.205044429897982,0.61360935981928
0.29113018010472835,0.205044429897982,0.61360935981928
0.29113018010472835,0.205044429897982,0.61360935981928
0.29113018010472835,0.205044429897982,0.61360935981928
0.29113018010472835,0.205044429897982,0.61360935981928
0.29113018010472835,0.205044429897982,0.61360935981928
0.29113018010472835,0.205044429897982,0.61360935981928
0.29113018010472835,0.205044429897982,0.61360935981928
0.29113018010472835,0.205044429897982,0.61360935981928
0.29113018010472835,0.205044429897982,0.61360935981928
0.29113018010472835,0.205044429897982,0.61360935981928
0.07589027233076183,0.16745347582407122,1.1452826980573234
0.07589027233076183,0.16745347582407122,1.1452826980573234
0.07589027233076183,0.16745347582407122,1.1452826980573234
0.07589027233076183,0.16745347582407122,1.1452826980573234
0.07589027233076183,0.16745347582407122,1.1452826980573234
0.07589027233076183,0.16745347582407122,1.1452826980573234
0.07589027233076183,0.16745347582407122,1.1452826980573234
0.07589027233076183,0.16745347582407122,1.1452826980573234
0.07589027233076183,0.16745347582407122,1.1452826980573234
0.07589027233076183,0.16745347582407122,1.1452826980573234
0.07589027233076183,0.16745347582407122,1.1452826980573234
0.07589027233076183,0.16745347582407122,1.1452826980573234
0.07589027233076183,0.16745347582407122,1.1452826980573234
0.07589027233076183,0.16745347582407122,1.1452826980573234
0.07589027233076183,0.16745347582407122,1.1452826980573234
-0.22590031112308254,-0.33610868693697066,4.120630857690045
-0.22590031112308254,-0.33610868693697066,4.120630857690045
-0.22590031112308254,-0.33610868693697066,4.120630857690045
-0.22590031112308254,-0.33610868693697066,4.120630857690045
-0.22590031112308254,-0.33610868693697066,4.120630857690045
-0.22590031112308254,-0.33610868693697066,4.120630857690045
-0.22590031112308254,-0.33610868693697066,4.120630857690045
-0.22590031112308254,-0.33610868693697066,4.120630857690045
-0.22590031112308254,-0.33610868693697066,4.120630857690045
-0.22590031112308254,-0.33610868693697066,4.120630857690045
-0.22590031112308254,-0.33610868693697066,4.120630857690045
-0.22590031112308254,-0.33610868693697066,4.120630857690045
-0.22590031112308254,-0.33610868693697066,4.120630857690045
-0.22590031112308254,-0.33610868693697066,4.120630857690045
-0.22590031112308254,-0.33610868693697066,4.120630857690045
-0.22590031112308254,-0.33610868693697066,4.120630857690045
-0.22590031112308254,-0.33610868693697066,4.120630857690045
-0.22590031112308254,-0.33610868693697066,4.120630857690045
0.16999999999999996,-0.23,5.348897196172641
0.16999999999999996,-0.23,5.348897196172641
0.16999999999999996,-0.23,5.348897196172641
0.16999999999999996,-0.23,5.348897196172641
0.16999999999999996,-0.23,5.348897196172641
0.16999999999999996,-0.23,5.348897196172641
0.16999999999999996,-0.23,5.348897196172641
0.16999999999999996,-0.23,5.348897196172641
0.16999999999999996,-0.23,5.348897196172641
0.16999999999999996,-0.23,5.348897196172641
0.16999999999999996,-0.23,5.348897196172641
0.16999999999999996,-0.23,5.348897196172641
0.16999999999999996,-0.23,5.348897196172641
0.6089304145475983,0.04127650952890756,0.06768172944396245
0.6089304145475983,0.04127650952890756,0.06768172944396245
0.6089304145475983,0.04127650952890756,0.06768172944396245
0.6089304145475983,0.04127650952890756,0.06768172944396245
0.6089304145475983,0.04127650952890756,0.06768172944396245
0.6089304145475983,0.04127650952890756,0.06768172944396245
0.6089304145475983,0.04127650952890756,0.06768172944396245
0.6089304145475983,0.04127650952890756,0.06768172944396245
0.6089304145475983,0.04127650952890756,0.06768172944396245
0.6089304145475983,0.04127650952890756,0.06768172944396245
0.6089304145475983,0.04127650952890756,0.06768172944396245
0.6089304145475983,0.04127650952890756,0.06768172944396245
0.6089304145475983,0.04127650952890756,0.06768172944396245
0.6089304145475983,0.04127650952890756,0.06768172944396245
0.05468417646098007,0.10300311085003402,1.0827367040841422
0.05468417646098007,0.10300311085003402,1.0827367040841422
0.05468417646098007,0.10300311085003402,1.0827367040841422
0.05468417646098007,0.10300311085003402,1.0827367040841422
0.05468417646098007,0.10300311085003402,1.0827367040841422
0.05468417646098007,0.10300311085003402,1.0827367040841422
0.05468417646098007,0.10300311085003402,1.0827367040841422
0.05468417646098007,0.10300311085003402,1.0827367040841422
0.05468417646098007,0.10300311085003402,1.0827367040841422
0.05468417646098007,0.10300311085003402,1.0827367040841422
0.05468417646098007,0.10300311085003402,1.0827367040841422
0.05468417646098007,0.10300311085003402,1.0827367040841422
0.05468417646098007,0.10300311085003402,1.0827367040841422
-0.05887818189754859,-0.30484973297747725,4.521599758717121
-0.05887818189754859,-0.30484973297747725,4.521599758717121
-0.05887818189754859,-0.30484973297747725,4.521599758717121
-0.05887818189754859,-0.30484973297747725,4.521599758717121
-0.05887818189754859,-0.30484973297747725,4.521599758717121
-0.05887818189754859,-0.30484973297747725,4.521599758717121
-0.05887818189754859,-0.30484973297747725,4.521599758717121
-0.05887818189754859,-0.30484973297747725,4.521599758717121
-0.05887818189754859,-0.30484973297747725,4.521599758717121
0.6059356509810115,0.07308889703790636,0.12004160700379218
0.6059356509810115,0.07308889703790636,0.12004160700379218
0.6059356509810115,0.07308889703790636,0.12004160700379218
0.6059356509810115,0.07308889703790636,0.12004160700379218
0.6059356509810115,0.07308889703790636,0.12004160700379218
0.6059356509810115,0.07308889703790636,0.12004160700379218
0.6059356509810115,0.07308889703790636,0.12004160700379218
0.6059356509810115,0.07308889703790636,0.12004160700379218
0.6059356509810115,0.07308889703790636,0.12004160700379218
0.33979573263175744,0.16893448459461205,0.4613768945561887
0.33979573263175744,0.16893448459461205,0.4613768945561887
0.33979573263175744,0.16893448459461205,0.4613768945561887
0.33979573263175744,0.16893448459461205,0.4613768945561887
0.33979573263175744,0.16893448459461205,0.4613768945561887
0.33979573263175744,0.16893448459461205,0.4613768945561887
0.014880691817273285,0.3252361680549064,1.5250747169587482
0.014880691817273285,0.3252361680549064,1.5250747169587482
0.014880691817273285,0.3252361680549064,1.5250747169587482
0.014880691817273285,0.3252361680549064,1.5250747169587482
0.014880691817273285,0.3252361680549064,1.5250747169587482
0.014880691817273285,0.3252361680549064,1.5250747169587482
0.014880691817273285,0.3252361680549064,1.5250747169587482
0.014880691817273285,0.3252361680549064,1.5250747169587482
0.014880691817273285,0.3252361680549064,1.5250747169587482
0.014880691817273285,0.3252361680549064,1.5250747169587482
0.014880691817273285,0.3252361680549064,1.5250747169587482
0.014880691817273285,0.3252361680549064,1.5250747169587482
0.11513866608081981,0.2585403016419867,1.1518233516108807
0.11513866608081981,0.2585403016419867,1.1518233516108807
0.11513866608081981,0.2585403016419867,1.1518233516108807
0.11513866608081981,0.2585403016419867,1.1518233516108807
0.11513866608081981,0.2585403016419867,1.1518233516108807
0.11513866608081981,0.2585403016419867,1.1518233516108807
0.11513866608081981,0.2585403016419867,1.1518233516108807
0.11513866608081981,0.2585403016419867,1.1518233516108807
0.11513866608081981,0.2585403016419867,1.1518233516108807
0.11513866608081981,0.2585403016419867,1.1518233516108807
0.11513866608081981,0.2585403016419867,1.1518233516108807
0.11513866608081981,0.2585403016419867,1.1518233516108807
0.11513866608081981,0.2585403016419867,1.1518233516108807
0.18477855813315192,0.40970341035221247,1.147106405462475
0.18477855813315192,0.40970341035221247,1.147106405462475
0.18477855813315192,0.40970341035221247,1.147106405462475
