ax_0,ay_0,yaw_0
-0.175146028,-0.108737616,-2.585990575
-0.175146028,-0.108737616,-2.585990575
-0.207414552,-0.032851238,-2.984513021
-0.207414552,-0.032851238,-2.984513021
-0.207414552,-0.032851238,-2.984513021
-0.207414552,-0.032851238,-2.984513021
-0.207414552,-0.032851238,-2.984513021
-0.207414552,-0.032851238,-2.984513021
-0.207414552,-0.032851238,-2.984513021
-0.207414552,-0.032851238,-2.984513021
-0.207414552,-0.032851238,-2.984513021
-0.207414552,-0.032851238,-2.984513021
-0.207414552,-0.032851238,-2.984513021
-0.207414552,-0.032851238,-2.984513021
-0.207414552,-0.032851238,-2.984513021
-0.207414552,-0.032851238,-2.984513021
-0.207414552,-0.032851238,-2.984513021
-0.149134882,-0.14511646,-2.369850069
-0.149134882,-0.14511646,-2.369850069
-0.149134882,-0.14511646,-2.369850069
-0.149134882,-0.14511646,-2.369850069
-0.149134882,-0.14511646,-2.369850069
-0.149134882,-0.14511646,-2.369850069
-0.149134882,-0.14511646,-2.369850069
-0.149134882,-0.14511646,-2.369850069
-0.149134882,-0.14511646,-2.369850069
-0.149134882,-0.14511646,-2.369850069
-0.149134882,-0.14511646,-2.369850069
-0.149134882,-0.14511646,-2.369850069
-0.149134882,-0.14511646,-2.369850069
-0.149134882,-0.14511646,-2.369850069
-0.149134882,-0.14511646,-2.369850069
-0.149134882,-0.14511646,-2.369850069
-0.149134882,-0.14511646,-2.369850069
-0.050948762,0.00205516,3.101276726
-0.050948762,0.00205516,3.101276726
-0.050948762,0.00205516,3.101276726
-0.050948762,0.00205516,3.101276726
-0.050948762,0.00205516,3.101276726
-0.050948762,0.00205516,3.101276726
-0.050948762,0.00205516,3.101276726
-0.050948762,0.00205516,3.101276726
-0.050948762,0.00205516,3.101276726
-0.050948762,0.00205516,3.101276726
-0.050948762,0.00205516,3.101276726
-0.050948762,0.00205516,3.101276726
-0.050948762,0.00205516,3.101276726
-0.050948762,0.00205516,3.101276726
-0.050948762,0.00205516,3.101276726
-0.050948762,0.00205516,3.101276726
-0.185971847,-0.154643048,-2.447913614
-0.185971847,-0.154643048,-2.447913614
-0.185971847,-0.154643048,-2.447913614
-0.185971847,-0.154643048,-2.447913614
-0.185971847,-0.154643048,-2.447913614
-0.185971847,-0.154643048,-2.447913614
-0.185971847,-0.154643048,-2.447913614
-0.185971847,-0.154643048,-2.447913614
-0.185971847,-0.154643048,-2.447913614
-0.185971847,-0.154643048,-2.447913614
-0.185971847,-0.154643048,-2.447913614
-0.185971847,-0.154643048,-2.447913614
-0.185971847,-0.154643048,-2.447913614
-0.185971847,-0.154643048,-2.447913614
-0.185971847,-0.154643048,-2.447913614
-0.185971847,-0.154643048,-2.447913614
-0.185971847,-0.154643048,-2.447913614
-0.00929417,-0.133092518,-1.640515542
-0.00929417,-0.133092518,-1.640515542
-0.00929417,-0.133092518,-1.640515542
-0.00929417,-0.133092518,-1.640515542
-0.00929417,-0.133092518,-1.640515542
-0.00929417,-0.133092518,-1.640515542
-0.00929417,-0.133092518,-1.640515542
-0.00929417,-0.133092518,-1.640515542
-0.00929417,-0.133092518,-1.640515542
-0.00929417,-0.133092518,-1.640515542
-0.00929417,-0.133092518,-1.640515542
-0.00929417,-0.133092518,-1.640515542
-0.00929417,-0.133092518,-1.640515542
-0.00929417,-0.133092518,-1.640515542
-0.00929417,-0.133092518,-1.640515542
-0.00929417,-0.133092518,-1.640515542
-0.093584985,0.015551548,2.976921732
-0.093584985,0.015551548,2.976921732
-0.093584985,0.015551548,2.976921732
-0.093584985,0.015551548,2.976921732
-0.093584985,0.015551548,2.976921732
-0.093584985,0.015551548,2.976921732
-0.093584985,0.015551548,2.976921732
-0.093584985,0.015551548,2.976921732
-0.093584985,0.015551548,2.976921732
-0.093584985,0.015551548,2.976921732
-0.093584985,0.015551548,2.976921732
-0.093584985,0.015551548,2.976921732
-0.093584985,0.015551548,2.976921732
-0.093584985,0.015551548,2.976921732
-0.093584985,0.015551548,2.976921732
-0.093584985,0.015551548,2.976921732
-0.093584985,0.015551548,2.976921732
-0.093584985,0.015551548,2.976921732
-0.093584985,0.015551548,2.976921732
-0.093584985,0.015551548,2.976921732
-0.120577761,-0.069720897,-2.617339187
-0.120577761,-0.069720897,-2.617339187
-0.120577761,-0.069720897,-2.617339187
-0.120577761,-0.069720897,-2.617339187
-0.120577761,-0.069720897,-2.617339187
-0.120577761,-0.069720897,-2.617339187
-0.120577761,-0.069720897,-2.617339187
-0.120577761,-0.069720897,-2.617339187
-0.120577761,-0.069720897,-2.617339187
-0.120577761,-0.069720897,-2.617339187
-0.120577761,-0.069720897,-2.617339187
-0.120577761,-0.069720897,-2.617339187
-0.120577761,-0.069720897,-2.617339187
-0.120577761,-0.069720897,-2.617339187
-0.120577761,-0.069720897,-2.617339187
-0.120577761,-0.069720897,-2.617339187
-0.120577761,-0.069720897,-2.617339187
-0.120577761,-0.069720897,-2.617339187
-0.120577761,-0.069720897,-2.617339187
-0.101897523,0.00411032,3.101276726
-0.101897523,0.00411032,3.101276726
-0.101897523,0.00411032,3.101276726
-0.101897523,0.00411032,3.101276726
-0.101897523,0.00411032,3.101276726
-0.101897523,0.00411032,3.101276726
-0.101897523,0.00411032,3.101276726
-0.101897523,0.00411032,3.101276726
-0.101897523,0.00411032,3.101276726
-0.101897523,0.00411032,3.101276726
-0.101897523,0.00411032,3.101276726
-0.101897523,0.00411032,3.101276726
-0.101897523,0.00411032,3.101276726
-0.101897523,0.00411032,3.101276726
-0.101897523,0.00411032,3.101276726
-0.101897523,0.00411032,3.101276726
-0.101897523,0.00411032,3.101276726
-0.101897523,0.00411032,3.101276726
-0.101897523,0.00411032,3.101276726
-0.079015067,-0.012514757,-2.984513021
-0.079015067,-0.012514757,-2.984513021
-0.079015067,-0.012514757,-2.984513021
-0.079015067,-0.012514757,-2.984513021
-0.079015067,-0.012514757,-2.984513021
-0.079015067,-0.012514757,-2.984513021
-0.079015067,-0.012514757,-2.984513021
-0.079015067,-0.012514757,-2.984513021
-0.079015067,-0.012514757,-2.984513021
-0.079015067,-0.012514757,-2.984513021
-0.079015067,-0.012514757,-2.984513021
-0.079015067,-0.012514757,-2.984513021
-0.079015067,-0.012514757,-2.984513021
-0.079015067,-0.012514757,-2.984513021
-0.207905367,-0.093676883,-2.718260972
-0.207905367,-0.093676883,-2.718260972
-0.207905367,-0.093676883,-2.718260972
-0.207905367,-0.093676883,-2.718260972
-0.207905367,-0.093676883,-2.718260972
-0.207905367,-0.093676883,-2.718260972
-0.207905367,-0.093676883,-2.718260972
-0.207905367,-0.093676883,-2.718260972
-0.207905367,-0.093676883,-2.718260972
-0.207905367,-0.093676883,-2.718260972
-0.207905367,-0.093676883,-2.718260972
-0.207905367,-0.093676883,-2.718260972
-0.207905367,-0.093676883,-2.718260972
-0.207905367,-0.093676883,-2.718260972
-0.207905367,-0.093676883,-2.718260972
-0.207905367,-0.093676883,-2.718260972
-0.207905367,-0.093676883,-2.718260972
-0.207905367,-0.093676883,-2.718260972
-0.207905367,-0.093676883,-2.718260972
-0.207905367,-0.093676883,-2.718260972
-0.207905367,-0.093676883,-2.718260972
-0.207905367,-0.093676883,-2.718260972
-0.276460837,-0.236155469,-2.434659838
-0.276460837,-0.236155469,-2.434659838
-0.276460837,-0.236155469,-2.434659838
-0.276460837,-0.236155469,-2.434659838
-0.276460837,-0.236155469,-2.434659838
-0.276460837,-0.236155469,-2.434659838
-0.276460837,-0.236155469,-2.434659838
-0.276460837,-0.236155469,-2.434659838
-0.276460837,-0.236155469,-2.434659838
-0.276460837,-0.236155469,-2.434659838
-0.276460837,-0.236155469,-2.434659838
-0.276460837,-0.236155469,-2.434659838
-0.276460837,-0.236155469,-2.434659838
-0.242719867,-0.129564912,-2.65126872
-0.277534366,-0.16545294,-2.604006644
-0.277534366,-0.16545294,-2.604006644
-0.277534366,-0.16545294,-2.604006644
-0.277534366,-0.16545294,-2.604006644
-0.277534366,-0.16545294,-2.604006644
-0.277534366,-0.16545294,-2.604006644
-0.277534366,-0.16545294,-2.604006644
-0.277534366,-0.16545294,-2.604006644
-0.277534366,-0.16545294,-2.604006644
-0.277534366,-0.16545294,-2.604006644
-0.145984681,-0.035895304,-2.900491565
-0.145984681,-0.035895304,-2.900491565
-0.145984681,-0.035895304,-2.900491565
-0.145984681,-0.035895304,-2.900491565
-0.145984681,-0.035895304,-2.900491565
-0.145984681,-0.035895304,-2.900491565
-0.145984681,-0.035895304,-2.900491565
-0.145984681,-0.035895304,-2.900491565
-0.145984681,-0.035895304,-2.900491565
-0.145984681,-0.035895304,-2.900491565
-0.145984681,-0.035895304,-2.900491565
-0.145984681,-0.035895304,-2.900491565
-0.145984681,-0.035895304,-2.900491565
-0.145984681,-0.035895304,-2.900491565
-0.145984681,-0.035895304,-2.900491565
-0.145984681,-0.035895304,-2.900491565
-0.145984681,-0.035895304,-2.900491565
-0.145984681,-0.035895304,-2.900491565
-0.145984681,-0.035895304,-2.900491565
-0.145984681,-0.035895304,-2.900491565
-0.145984681,-0.035895304,-2.900491565
-0.298344476,-0.093223245,-2.838736501
-0.298344476,-0.093223245,-2.838736501
-0.298344476,-0.093223245,-2.838736501
-0.298344476,-0.093223245,-2.838736501
-0.298344476,-0.093223245,-2.838736501
-0.298344476,-0.093223245,-2.838736501
-0.298344476,-0.093223245,-2.838736501
-0.298344476,-0.093223245,-2.838736501
-0.298344476,-0.093223245,-2.838736501
-0.298344476,-0.093223245,-2.838736501
-0.298344476,-0.093223245,-2.838736501
-0.298344476,-0.093223245,-2.838736501
-0.298344476,-0.093223245,-2.838736501
-0.256644871,-0.156950343,-2.592726112
-0.256644871,-0.156950343,-2.592726112
-0.256644871,-0.156950343,-2.592726112
-0.256644871,-0.156950343,-2.592726112
-0.256644871,-0.156950343,-2.592726112
-0.256644871,-0.156950343,-2.592726112
-0.256644871,-0.156950343,-2.592726112
-0.256644871,-0.156950343,-2.592726112
-0.256644871,-0.156950343,-2.592726112
-0.256644871,-0.156950343,-2.592726112
-0.256644871,-0.156950343,-2.592726112
-0.256644871,-0.156950343,-2.592726112
-0.256644871,-0.156950343,-2.592726112
-0.256644871,-0.156950343,-2.592726112
-0.256644871,-0.156950343,-2.592726112
-0.256644871,-0.156950343,-2.592726112
-0.256644871,-0.156950343,-2.592726112
-0.256644871,-0.156950343,-2.592726112
-0.256644871,-0.156950343,-2.592726112
-0.256644871,-0.156950343,-2.592726112
-0.256644871,-0.156950343,-2.592726112
-0.166846505,-0.090345137,-2.645309174
-0.166846505,-0.090345137,-2.645309174
-0.166846505,-0.090345137,-2.645309174
-0.166846505,-0.090345137,-2.645309174
-0.166846505,-0.090345137,-2.645309174
-0.166846505,-0.090345137,-2.645309174
-0.166846505,-0.090345137,-2.645309174
-0.166846505,-0.090345137,-2.645309174
-0.166846505,-0.090345137,-2.645309174
-0.166846505,-0.090345137,-2.645309174
-0.166846505,-0.090345137,-2.645309174
-0.166846505,-0.090345137,-2.645309174
-0.166846505,-0.090345137,-2.645309174
-0.228266307,-0.202717767,-2.415404746
-0.228266307,-0.202717767,-2.415404746
-0.228266307,-0.202717767,-2.415404746
-0.228266307,-0.202717767,-2.415404746
-0.228266307,-0.202717767,-2.415404746
-0.228266307,-0.202717767,-2.415404746
-0.228266307,-0.202717767,-2.415404746
-0.228266307,-0.202717767,-2.415404746
-0.228266307,-0.202717767,-2.415404746
-0.228266307,-0.202717767,-2.415404746
-0.228266307,-0.202717767,-2.415404746
-0.228266307,-0.202717767,-2.415404746
-0.228266307,-0.202717767,-2.415404746
-0.228266307,-0.202717767,-2.415404746
-0.228266307,-0.202717767,-2.415404746
-0.228266307,-0.202717767,-2.415404746
-0.228266307,-0.202717767,-2.415404746
-0.228266307,-0.202717767,-2.415404746
-0.228266307,-0.202717767,-2.415404746
-0.228266307,-0.202717767,-2.415404746
-0.228266307,-0.202717767,-2.415404746
-0.205073146,-0.046314195,-2.919476625
-0.205073146,-0.046314195,-2.919476625
-0.205073146,-0.046314195,-2.919476625
-0.205073146,-0.046314195,-2.919476625
-0.205073146,-0.046314195,-2.919476625
-0.205073146,-0.046314195,-2.919476625
-0.205073146,-0.046314195,-2.919476625
-0.205073146,-0.046314195,-2.919476625
-0.205073146,-0.046314195,-2.919476625
-0.205073146,-0.046314195,-2.919476625
-0.205073146,-0.046314195,-2.919476625
-0.110636148,0.051571725,2.705399614
-0.110636148,0.051571725,2.705399614
-0.110636148,0.051571725,2.705399614
-0.110636148,0.051571725,2.705399614
-0.110636148,0.051571725,2.705399614
-0.110636148,0.051571725,2.705399614
-0.110636148,0.051571725,2.705399614
-0.110636148,0.051571725,2.705399614
-0.110636148,0.051571725,2.705399614
-0.110636148,0.051571725,2.705399614
-0.110636148,0.051571725,2.705399614
-0.110636148,0.051571725,2.705399614
-0.110636148,0.051571725,2.705399614
-0.110636148,0.051571725,2.705399614
-0.110636148,0.051571725,2.705399614
-0.110636148,0.051571725,2.705399614
-0.110636148,0.051571725,2.705399614
-0.110636148,0.051571725,2.705399614
-0.110636148,0.051571725,2.705399614
-0.110636148,0.051571725,2.705399614
-0.110636148,0.051571725,2.705399614
-0.110636148,0.051571725,2.705399614
-0.110636148,0.051571725,2.705399614
-0.277482653,-0.038773412,3.280426466
-0.277482653,-0.038773412,3.280426466
-0.277482653,-0.038773412,3.280426466
-0.277482653,-0.038773412,3.280426466
-0.277482653,-0.038773412,3.280426466
-0.277482653,-0.038773412,3.280426466
-0.277482653,-0.038773412,3.280426466
-0.277482653,-0.038773412,3.280426466
-0.277482653,-0.038773412,3.280426466
-0.277482653,-0.038773412,3.280426466
-0.277482653,-0.038773412,3.280426466
-0.282097242,0.102572637,2.792847257
-0.282097242,0.102572637,2.792847257
-0.282097242,0.102572637,2.792847257
-0.282097242,0.102572637,2.792847257
-0.282097242,0.102572637,2.792847257
-0.282097242,0.102572637,2.792847257
-0.282097242,0.102572637,2.792847257
-0.282097242,0.102572637,2.792847257
-0.282097242,0.102572637,2.792847257
-0.282097242,0.102572637,2.792847257
-0.282097242,0.102572637,2.792847257
-0.282097242,0.102572637,2.792847257
-0.282097242,0.102572637,2.792847257
-0.282097242,0.102572637,2.792847257
-0.282097242,0.102572637,2.792847257
-0.282097242,0.102572637,2.792847257
-0.282097242,0.102572637,2.792847257
-0.282097242,0.102572637,2.792847257
-0.282097242,0.102572637,2.792847257
-0.282097242,0.102572637,2.792847257
-0.282097242,0.102572637,2.792847257
-0.282097242,0.102572637,2.792847257
-0.305861217,0.006994012,3.118730019
-0.305861217,0.006994012,3.118730019
-0.305861217,0.006994012,3.118730019
-0.305861217,0.006994012,3.118730019
-0.305861217,0.006994012,3.118730019
-0.305861217,0.006994012,3.118730019
-0.305861217,0.006994012,3.118730019
-0.305861217,0.006994012,3.118730019
-0.305861217,0.006994012,3.118730019
-0.305861217,0.006994012,3.118730019
-0.305861217,0.006994012,3.118730019
-0.305861217,0.006994012,3.118730019
-0.337736786,-0.100169172,-2.853267721
-0.337736786,-0.100169172,-2.853267721
-0.337736786,-0.100169172,-2.853267721
-0.337736786,-0.100169172,-2.853267721
-0.337736786,-0.100169172,-2.853267721
-0.337736786,-0.100169172,-2.853267721
-0.337736786,-0.100169172,-2.853267721
-0.337736786,-0.100169172,-2.853267721
-0.337736786,-0.100169172,-2.853267721
-0.337736786,-0.100169172,-2.853267721
-0.337736786,-0.100169172,-2.853267721
-0.337736786,-0.100169172,-2.853267721
-0.337736786,-0.100169172,-2.853267721
-0.337736786,-0.100169172,-2.853267721
-0.337736786,-0.100169172,-2.853267721
-0.337736786,-0.100169172,-2.853267721
-0.216633663,0.134424164,2.586225921
-0.216633663,0.134424164,2.586225921
-0.216633663,0.134424164,2.586225921
-0.216633663,0.134424164,2.586225921
-0.216633663,0.134424164,2.586225921
-0.216633663,0.134424164,2.586225921
-0.216633663,0.134424164,2.586225921
-0.216633663,0.134424164,2.586225921
-0.216633663,0.134424164,2.586225921
-0.216633663,0.134424164,2.586225921
-0.216633663,0.134424164,2.586225921
-0.216633663,0.134424164,2.586225921
-0.216633663,0.134424164,2.586225921
-0.216633663,0.134424164,2.586225921
-0.216633663,0.134424164,2.586225921
-0.216633663,0.134424164,2.586225921
-0.216633663,0.134424164,2.586225921
-0.216633663,0.134424164,2.586225921
-0.216633663,0.134424164,2.586225921
-0.234617379,-0.05152364,-2.925417149
-0.234617379,-0.05152364,-2.925417149
-0.234617379,-0.05152364,-2.925417149
-0.234617379,-0.05152364,-2.925417149
-0.234617379,-0.05152364,-2.925417149
-0.234617379,-0.05152364,-2.925417149
-0.234617379,-0.05152364,-2.925417149
-0.234617379,-0.05152364,-2.925417149
-0.234617379,-0.05152364,-2.925417149
-0.234617379,-0.05152364,-2.925417149
-0.234617379,-0.05152364,-2.925417149
-0.234617379,-0.05152364,-2.925417149
-0.234617379,-0.05152364,-2.925417149
-0.43738323,-0.168510859,-2.773848245
-0.43738323,-0.168510859,-2.773848245
-0.43738323,-0.168510859,-2.773848245
-0.43738323,-0.168510859,-2.773848245
-0.43738323,-0.168510859,-2.773848245
-0.43738323,-0.168510859,-2.773848245
-0.43738323,-0.168510859,-2.773848245
-0.43738323,-0.168510859,-2.773848245
-0.43738323,-0.168510859,-2.773848245
-0.43738323,-0.168510859,-2.773848245
-0.43738323,-0.168510859,-2.773848245
-0.43738323,-0.168510859,-2.773848245
-0.43738323,-0.168510859,-2.773848245
-0.43738323,-0.168510859,-2.773848245
-0.43738323,-0.168510859,-2.773848245
-0.43738323,-0.168510859,-2.773848245
-0.43738323,-0.168510859,-2.773848245
-0.43738323,-0.168510859,-2.773848245
-0.43738323,-0.168510859,-2.773848245
-0.43738323,-0.168510859,-2.773848245
-0.43738323,-0.168510859,-2.773848245
-0.23345171,-0.000546771,3.143934764
-0.23345171,-0.000546771,3.143934764
-0.23345171,-0.000546771,3.143934764
-0.23345171,-0.000546771,3.143934764
-0.23345171,-0.000546771,3.143934764
-0.23345171,-0.000546771,3.143934764
-0.23345171,-0.000546771,3.143934764
-0.23345171,-0.000546771,3.143934764
-0.23345171,-0.000546771,3.143934764
-0.23345171,-0.000546771,3.143934764
-0.23345171,-0.000546771,3.143934764
-0.23345171,-0.000546771,3.143934764
-0.23345171,-0.000546771,3.143934764
-0.315138481,-0.055567417,-2.967059728
-0.315138481,-0.055567417,-2.967059728
-0.315138481,-0.055567417,-2.967059728
-0.315138481,-0.055567417,-2.967059728
-0.315138481,-0.055567417,-2.967059728
-0.315138481,-0.055567417,-2.967059728
-0.315138481,-0.055567417,-2.967059728
-0.315138481,-0.055567417,-2.967059728
-0.315138481,-0.055567417,-2.967059728
-0.315138481,-0.055567417,-2.967059728
-0.315138481,-0.055567417,-2.967059728
-0.315138481,-0.055567417,-2.967059728
-0.315138481,-0.055567417,-2.967059728
-0.315138481,-0.055567417,-2.967059728
-0.315138481,-0.055567417,-2.967059728
-0.315138481,-0.055567417,-2.967059728
-0.315138481,-0.055567417,-2.967059728
-0.315138481,-0.055567417,-2.967059728
-0.315138481,-0.055567417,-2.967059728
-0.315138481,-0.055567417,-2.967059728
-0.27284402,-0.007492698,3.169047223
-0.27284402,-0.007492698,3.169047223
-0.27284402,-0.007492698,3.169047223
-0.27284402,-0.007492698,3.169047223
-0.27284402,-0.007492698,3.169047223
-0.27284402,-0.007492698,3.169047223
-0.27284402,-0.007492698,3.169047223
-0.27284402,-0.007492698,3.169047223
-0.27284402,-0.007492698,3.169047223
-0.27284402,-0.007492698,3.169047223
-0.27284402,-0.007492698,3.169047223
-0.27284402,-0.007492698,3.169047223
-0.111206961,0.112396672,2.350873916
-0.111206961,0.112396672,2.350873916
-0.111206961,0.112396672,2.350873916
-0.111206961,0.112396672,2.350873916
-0.111206961,0.112396672,2.350873916
-0.111206961,0.112396672,2.350873916
-0.111206961,0.112396672,2.350873916
-0.111206961,0.112396672,2.350873916
-0.111206961,0.112396672,2.350873916
-0.111206961,0.112396672,2.350873916
-0.111206961,0.112396672,2.350873916
-0.111206961,0.112396672,2.350873916
-0.111206961,0.112396672,2.350873916
-0.111206961,0.112396672,2.350873916
-0.111206961,0.112396672,2.350873916
-0.111206961,0.112396672,2.350873916
-0.111206961,0.112396672,2.350873916
-0.111206961,0.112396672,2.350873916
-0.111206961,0.112396672,2.350873916
-0.111206961,0.112396672,2.350873916
-0.111206961,0.112396672,2.350873916
-0.111206961,0.112396672,2.350873916
-0.212589887,0.053903062,2.893271653
-0.212589887,0.053903062,2.893271653
-0.212589887,0.053903062,2.893271653
-0.212589887,0.053903062,2.893271653
-0.212589887,0.053903062,2.893271653
-0.212589887,0.053903062,2.893271653
-0.212589887,0.053903062,2.893271653
-0.212589887,0.053903062,2.893271653
-0.212589887,0.053903062,2.893271653
-0.212589887,0.053903062,2.893271653
-0.212589887,0.053903062,2.893271653
-0.155237903,0.07417003,2.695876093
-0.155237903,0.07417003,2.695876093
-0.155237903,0.07417003,2.695876093
-0.155237903,0.07417003,2.695876093
-0.155237903,0.07417003,2.695876093
-0.155237903,0.07417003,2.695876093
-0.155237903,0.07417003,2.695876093
-0.155237903,0.07417003,2.695876093
-0.155237903,0.07417003,2.695876093
-0.155237903,0.07417003,2.695876093
-0.155237903,0.07417003,2.695876093
-0.155237903,0.07417003,2.695876093
-0.155237903,0.07417003,2.695876093
-0.155237903,0.07417003,2.695876093
-0.155237903,0.07417003,2.695876093
-0.155237903,0.07417003,2.695876093
-0.155237903,0.07417003,2.695876093
-0.155237903,0.07417003,2.695876093
-0.155237903,0.07417003,2.695876093
-0.155237903,0.07417003,2.695876093
-0.155237903,0.07417003,2.695876093
-0.155237903,0.07417003,2.695876093
-0.155237903,0.07417003,2.695876093
-0.155237903,0.07417003,2.695876093
-0.17205595,-0.060800905,-2.801911051
-0.17205595,-0.060800905,-2.801911051
-0.17205595,-0.060800905,-2.801911051
-0.17205595,-0.060800905,-2.801911051
-0.17205595,-0.060800905,-2.801911051
-0.17205595,-0.060800905,-2.801911051
-0.17205595,-0.060800905,-2.801911051
-0.17205595,-0.060800905,-2.801911051
-0.17205595,-0.060800905,-2.801911051
-0.17205595,-0.060800905,-2.801911051
-0.17205595,-0.060800905,-2.801911051
-0.17205595,-0.060800905,-2.801911051
-0.17205595,-0.060800905,-2.801911051
-0.17205595,-0.060800905,-2.801911051
-0.17205595,-0.060800905,-2.801911051
-0.17205595,-0.060800905,-2.801911051
-0.17205595,-0.060800905,-2.801911051
-0.17205595,-0.060800905,-2.801911051
-0.17205595,-0.060800905,-2.801911051
-0.17205595,-0.060800905,-2.801911051
-0.17205595,-0.060800905,-2.801911051
-0.267634575,-0.03703693,3.279105463
-0.267634575,-0.03703693,3.279105463
-0.267634575,-0.03703693,3.279105463
-0.267634575,-0.03703693,3.279105463
-0.267634575,-0.03703693,3.279105463
-0.267634575,-0.03703693,3.279105463
-0.267634575,-0.03703693,3.279105463
-0.267634575,-0.03703693,3.279105463
-0.267634575,-0.03703693,3.279105463
-0.267634575,-0.03703693,3.279105463
-0.267634575,-0.03703693,3.279105463
-0.267634575,-0.03703693,3.279105463
-0.267634575,-0.03703693,3.279105463
-0.20854611,-0.02661804,3.268542476
-0.20854611,-0.02661804,3.268542476
-0.20854611,-0.02661804,3.268542476
-0.20854611,-0.02661804,3.268542476
-0.20854611,-0.02661804,3.268542476
-0.20854611,-0.02661804,3.268542476
-0.20854611,-0.02661804,3.268542476
-0.20854611,-0.02661804,3.268542476
-0.20854611,-0.02661804,3.268542476
-0.20854611,-0.02661804,3.268542476
-0.20854611,-0.02661804,3.268542476
-0.20854611,-0.02661804,3.268542476
-0.20854611,-0.02661804,3.268542476
-0.20854611,-0.02661804,3.268542476
-0.20854611,-0.02661804,3.268542476
-0.20854611,-0.02661804,3.268542476
-0.20854611,-0.02661804,3.268542476
-0.20854611,-0.02661804,3.268542476
-0.20854611,-0.02661804,3.268542476
-0.20854611,-0.02661804,3.268542476
-0.20854611,-0.02661804,3.268542476
-0.193464545,0.118200973,2.593146225
-0.193464545,0.118200973,2.593146225
-0.193464545,0.118200973,2.593146225
-0.193464545,0.118200973,2.593146225
-0.193464545,0.118200973,2.593146225
-0.193464545,0.118200973,2.593146225
-0.193464545,0.118200973,2.593146225
-0.193464545,0.118200973,2.593146225
-0.193464545,0.118200973,2.593146225
-0.193464545,0.118200973,2.593146225
-0.313972812,-0.004590547,3.156212456
-0.313972812,-0.004590547,3.156212456
-0.313972812,-0.004590547,3.156212456
-0.313972812,-0.004590547,3.156212456
-0.313972812,-0.004590547,3.156212456
-0.313972812,-0.004590547,3.156212456
-0.313972812,-0.004590547,3.156212456
-0.313972812,-0.004590547,3.156212456
-0.313972812,-0.004590547,3.156212456
-0.313972812,-0.004590547,3.156212456
-0.313972812,-0.004590547,3.156212456
-0.313972812,-0.004590547,3.156212456
-0.313972812,-0.004590547,3.156212456
-0.313972812,-0.004590547,3.156212456
-0.313972812,-0.004590547,3.156212456
-0.313972812,-0.004590547,3.156212456
-0.324986558,-0.057303899,-2.967059728
-0.324986558,-0.057303899,-2.967059728
-0.324986558,-0.057303899,-2.967059728
-0.324986558,-0.057303899,-2.967059728
-0.324986558,-0.057303899,-2.967059728
-0.324986558,-0.057303899,-2.967059728
-0.324986558,-0.057303899,-2.967059728
-0.324986558,-0.057303899,-2.967059728
-0.324986558,-0.057303899,-2.967059728
-0.324986558,-0.057303899,-2.967059728
-0.324986558,-0.057303899,-2.967059728
-0.324986558,-0.057303899,-2.967059728
-0.324986558,-0.057303899,-2.967059728
-0.324986558,-0.057303899,-2.967059728
-0.324986558,-0.057303899,-2.967059728
-0.324986558,-0.057303899,-2.967059728
-0.324986558,-0.057303899,-2.967059728
-0.167988131,0.031304757,2.957354909
-0.167988131,0.031304757,2.957354909
-0.167988131,0.031304757,2.957354909
-0.167988131,0.031304757,2.957354909
-0.167988131,0.031304757,2.957354909
-0.167988131,0.031304757,2.957354909
-0.167988131,0.031304757,2.957354909
-0.167988131,0.031304757,2.957354909
-0.167988131,0.031304757,2.957354909
-0.167988131,0.031304757,2.957354909
-0.167988131,0.031304757,2.957354909
-0.167988131,0.031304757,2.957354909
-0.167988131,0.031304757,2.957354909
-0.167988131,0.031304757,2.957354909
-0.167988131,0.031304757,2.957354909
-0.167988131,0.031304757,2.957354909
-0.236353861,-0.041675563,-2.967059728
-0.236353861,-0.041675563,-2.967059728
-0.236353861,-0.041675563,-2.967059728
-0.236353861,-0.041675563,-2.967059728
-0.236353861,-0.041675563,-2.967059728
-0.236353861,-0.041675563,-2.967059728
-0.236353861,-0.041675563,-2.967059728
-0.236353861,-0.041675563,-2.967059728
-0.236353861,-0.041675563,-2.967059728
-0.236353861,-0.041675563,-2.967059728
-0.236353861,-0.041675563,-2.967059728
-0.236353861,-0.041675563,-2.967059728
-0.236353861,-0.041675563,-2.967059728
-0.236353861,-0.041675563,-2.967059728
-0.236353861,-0.041675563,-2.967059728
-0.236353861,-0.041675563,-2.967059728
-0.236353861,-0.041675563,-2.967059728
-0.238661156,0.028997462,3.020684742
-0.238661156,0.028997462,3.020684742
-0.238661156,0.028997462,3.020684742
-0.238661156,0.028997462,3.020684742
-0.238661156,0.028997462,3.020684742
-0.238661156,0.028997462,3.020684742
-0.238661156,0.028997462,3.020684742
-0.238661156,0.028997462,3.020684742
-0.238661156,0.028997462,3.020684742
-0.238661156,0.028997462,3.020684742
-0.238661156,0.028997462,3.020684742
-0.238661156,0.028997462,3.020684742
-0.238661156,0.028997462,3.020684742
-0.238661156,0.028997462,3.020684742
-0.238661156,0.028997462,3.020684742
-0.238661156,0.028997462,3.020684742
-0.238661156,0.028997462,3.020684742
-0.334834636,-0.05904038,-2.967059728
-0.334834636,-0.05904038,-2.967059728
-0.334834636,-0.05904038,-2.967059728
-0.334834636,-0.05904038,-2.967059728
-0.334834636,-0.05904038,-2.967059728
-0.334834636,-0.05904038,-2.967059728
-0.334834636,-0.05904038,-2.967059728
-0.334834636,-0.05904038,-2.967059728
-0.334834636,-0.05904038,-2.967059728
-0.334834636,-0.05904038,-2.967059728
-0.334834636,-0.05904038,-2.967059728
-0.334834636,-0.05904038,-2.967059728
-0.334834636,-0.05904038,-2.967059728
-0.334834636,-0.05904038,-2.967059728
-0.334834636,-0.05904038,-2.967059728
-0.334834636,-0.05904038,-2.967059728
-0.334834636,-0.05904038,-2.967059728
-0.334834636,-0.05904038,-2.967059728
-0.334834636,-0.05904038,-2.967059728
-0.334834636,-0.05904038,-2.967059728
-0.215467995,0.185401034,2.431058763
-0.215467995,0.185401034,2.431058763
-0.215467995,0.185401034,2.431058763
-0.215467995,0.185401034,2.431058763
-0.215467995,0.185401034,2.431058763
-0.215467995,0.185401034,2.431058763
-0.215467995,0.185401034,2.431058763
-0.215467995,0.185401034,2.431058763
-0.215467995,0.185401034,2.431058763
-0.215467995,0.185401034,2.431058763
-0.215467995,0.185401034,2.431058763
-0.215467995,0.185401034,2.431058763
-0.215467995,0.185401034,2.431058763
-0.215467995,0.185401034,2.431058763
-0.215467995,0.185401034,2.431058763
-0.215467995,0.185401034,2.431058763
-0.215467995,0.185401034,2.431058763
-0.215467995,0.185401034,2.431058763
-0.180738359,-0.011560517,3.205468358
-0.180738359,-0.011560517,3.205468358
-0.180738359,-0.011560517,3.205468358
-0.180738359,-0.011560517,3.205468358
-0.180738359,-0.011560517,3.205468358
-0.180738359,-0.011560517,3.205468358
-0.180738359,-0.011560517,3.205468358
-0.180738359,-0.011560517,3.205468358
-0.180738359,-0.011560517,3.205468358
-0.180738359,-0.011560517,3.205468358
-0.180738359,-0.011560517,3.205468358
-0.180738359,-0.011560517,3.205468358
-0.180738359,-0.011560517,3.205468358
-0.180738359,-0.011560517,3.205468358
-0.180738359,-0.011560517,3.205468358
-0.180738359,-0.011560517,3.205468358
-0.291122653,-0.015735345,3.195590678
-0.291122653,-0.015735345,3.195590678
-0.291122653,-0.015735345,3.195590678
-0.291122653,-0.015735345,3.195590678
-0.291122653,-0.015735345,3.195590678
-0.291122653,-0.015735345,3.195590678
-0.291122653,-0.015735345,3.195590678
-0.291122653,-0.015735345,3.195590678
-0.291122653,-0.015735345,3.195590678
-0.291122653,-0.015735345,3.195590678
-0.291122653,-0.015735345,3.195590678
-0.291122653,-0.015735345,3.195590678
-0.291122653,-0.015735345,3.195590678
-0.291122653,-0.015735345,3.195590678
-0.291122653,-0.015735345,3.195590678
-0.291122653,-0.015735345,3.195590678
-0.291122653,-0.015735345,3.195590678
-0.134166047,0.079996698,2.60393401
-0.134166047,0.079996698,2.60393401
-0.134166047,0.079996698,2.60393401
-0.134166047,0.079996698,2.60393401
-0.134166047,0.079996698,2.60393401
-0.134166047,0.079996698,2.60393401
-0.134166047,0.079996698,2.60393401
-0.134166047,0.079996698,2.60393401
-0.134166047,0.079996698,2.60393401
-0.134166047,0.079996698,2.60393401
-0.134166047,0.079996698,2.60393401
-0.134166047,0.079996698,2.60393401
-0.134166047,0.079996698,2.60393401
-0.134166047,0.079996698,2.60393401
-0.134166047,0.079996698,2.60393401
-0.134166047,0.079996698,2.60393401
-0.134166047,0.079996698,2.60393401
-0.134166047,0.079996698,2.60393401
-0.279681425,-0.024047883,3.227364821
-0.279681425,-0.024047883,3.227364821
-0.279681425,-0.024047883,3.227364821
-0.279681425,-0.024047883,3.227364821
-0.279681425,-0.024047883,3.227364821
-0.279681425,-0.024047883,3.227364821
-0.279681425,-0.024047883,3.227364821
-0.279681425,-0.024047883,3.227364821
-0.279681425,-0.024047883,3.227364821
-0.279681425,-0.024047883,3.227364821
-0.279681425,-0.024047883,3.227364821
-0.279681425,-0.024047883,3.227364821
-0.279681425,-0.024047883,3.227364821
-0.279681425,-0.024047883,3.227364821
-0.279681425,-0.024047883,3.227364821
-0.279681425,-0.024047883,3.227364821
-0.279681425,-0.024047883,3.227364821
-0.279681425,-0.024047883,3.227364821
-0.121160475,0.061807276,2.669876
-0.121160475,0.061807276,2.669876
-0.121160475,0.061807276,2.669876
-0.121160475,0.061807276,2.669876
-0.121160475,0.061807276,2.669876
-0.121160475,0.061807276,2.669876
-0.121160475,0.061807276,2.669876
-0.121160475,0.061807276,2.669876
-0.121160475,0.061807276,2.669876
-0.121160475,0.061807276,2.669876
-0.121160475,0.061807276,2.669876
-0.121160475,0.061807276,2.669876
-0.121160475,0.061807276,2.669876
-0.121160475,0.061807276,2.669876
-0.121160475,0.061807276,2.669876
-0.121160475,0.061807276,2.669876
-0.090057378,0.248977245,1.917864247
-0.090057378,0.248977245,1.917864247
-0.090057378,0.248977245,1.917864247
-0.090057378,0.248977245,1.917864247
-0.090057378,0.248977245,1.917864247
-0.090057378,0.248977245,1.917864247
-0.090057378,0.248977245,1.917864247
-0.090057378,0.248977245,1.917864247
-0.090057378,0.248977245,1.917864247
-0.090057378,0.248977245,1.917864247
-0.090057378,0.248977245,1.917864247
-0.090057378,0.248977245,1.917864247
-0.090057378,0.248977245,1.917864247
-0.090057378,0.248977245,1.917864247
-0.090057378,0.248977245,1.917864247
-0.090057378,0.248977245,1.917864247
-0.090057378,0.248977245,1.917864247
-0.349893138,0.035704233,3.039901394
-0.349893138,0.035704233,3.039901394
-0.349893138,0.035704233,3.039901394
-0.349893138,0.035704233,3.039901394
-0.349893138,0.035704233,3.039901394
-0.349893138,0.035704233,3.039901394
-0.349893138,0.035704233,3.039901394
-0.349893138,0.035704233,3.039901394
-0.349893138,0.035704233,3.039901394
-0.349893138,0.035704233,3.039901394
-0.349893138,0.035704233,3.039901394
-0.349893138,0.035704233,3.039901394
-0.349893138,0.035704233,3.039901394
-0.349893138,0.035704233,3.039901394
-0.349893138,0.035704233,3.039901394
-0.349893138,0.035704233,3.039901394
-0.229806192,0.044599485,2.949901283
-0.229806192,0.044599485,2.949901283
-0.229806192,0.044599485,2.949901283
-0.229806192,0.044599485,2.949901283
-0.229806192,0.044599485,2.949901283
-0.229806192,0.044599485,2.949901283
-0.229806192,0.044599485,2.949901283
-0.229806192,0.044599485,2.949901283
-0.229806192,0.044599485,2.949901283
-0.229806192,0.044599485,2.949901283
-0.229806192,0.044599485,2.949901283
-0.229806192,0.044599485,2.949901283
-0.229806192,0.044599485,2.949901283
-0.229806192,0.044599485,2.949901283
-0.229806192,0.044599485,2.949901283
-0.229806192,0.044599485,2.949901283
-0.229806192,0.044599485,2.949901283
-0.229806192,0.044599485,2.949901283
-0.201739887,0.059169402,2.856298063
-0.201739887,0.059169402,2.856298063
-0.201739887,0.059169402,2.856298063
-0.201739887,0.059169402,2.856298063
-0.201739887,0.059169402,2.856298063
-0.201739887,0.059169402,2.856298063
-0.201739887,0.059169402,2.856298063
-0.201739887,0.059169402,2.856298063
-0.201739887,0.059169402,2.856298063
-0.201739887,0.059169402,2.856298063
-0.201739887,0.059169402,2.856298063
-0.201739887,0.059169402,2.856298063
-0.201739887,0.059169402,2.856298063
-0.201739887,0.059169402,2.856298063
-0.201739887,0.059169402,2.856298063
-0.201739887,0.059169402,2.856298063
-0.201739887,0.059169402,2.856298063
-0.201739887,0.059169402,2.856298063
-0.228732663,-0.026103044,3.255221391
-0.228732663,-0.026103044,3.255221391
-0.228732663,-0.026103044,3.255221391
-0.228732663,-0.026103044,3.255221391
-0.228732663,-0.026103044,3.255221391
-0.228732663,-0.026103044,3.255221391
-0.228732663,-0.026103044,3.255221391
-0.228732663,-0.026103044,3.255221391
-0.228732663,-0.026103044,3.255221391
-0.228732663,-0.026103044,3.255221391
-0.228732663,-0.026103044,3.255221391
-0.228732663,-0.026103044,3.255221391
-0.228732663,-0.026103044,3.255221391
-0.228732663,-0.026103044,3.255221391
-0.228732663,-0.026103044,3.255221391
-0.228732663,-0.026103044,3.255221391
-0.221493653,0.056040713,2.8937805
-0.221493653,0.056040713,2.8937805
-0.221493653,0.056040713,2.8937805
-0.221493653,0.056040713,2.8937805
-0.221493653,0.056040713,2.8937805
-0.221493653,0.056040713,2.8937805
-0.221493653,0.056040713,2.8937805
-0.221493653,0.056040713,2.8937805
-0.221493653,0.056040713,2.8937805
-0.221493653,0.056040713,2.8937805
-0.221493653,0.056040713,2.8937805
-0.221493653,0.056040713,2.8937805
-0.221493653,0.056040713,2.8937805
-0.221493653,0.056040713,2.8937805
-0.221493653,0.056040713,2.8937805
-0.221493653,0.056040713,2.8937805
-0.221493653,0.056040713,2.8937805
-0.216800619,0.026410063,3.020372627
-0.216800619,0.026410063,3.020372627
-0.216800619,0.026410063,3.020372627
-0.216800619,0.026410063,3.020372627
-0.216800619,0.026410063,3.020372627
-0.216800619,0.026410063,3.020372627
-0.216800619,0.026410063,3.020372627
-0.216800619,0.026410063,3.020372627
-0.216800619,0.026410063,3.020372627
-0.216800619,0.026410063,3.020372627
-0.216800619,0.026410063,3.020372627
-0.216800619,0.026410063,3.020372627
-0.216800619,0.026410063,3.020372627
-0.216800619,0.026410063,3.020372627
-0.216800619,0.026410063,3.020372627
-0.216800619,0.026410063,3.020372627
-0.216800619,0.026410063,3.020372627
-0.216800619,0.026410063,3.020372627
-0.085364344,0.219346595,1.941936643
-0.085364344,0.219346595,1.941936643
-0.085364344,0.219346595,1.941936643
-0.085364344,0.219346595,1.941936643
-0.085364344,0.219346595,1.941936643
-0.085364344,0.219346595,1.941936643
-0.085364344,0.219346595,1.941936643
-0.085364344,0.219346595,1.941936643
-0.085364344,0.219346595,1.941936643
-0.085364344,0.219346595,1.941936643
-0.085364344,0.219346595,1.941936643
-0.085364344,0.219346595,1.941936643
-0.085364344,0.219346595,1.941936643
-0.085364344,0.219346595,1.941936643
-0.085364344,0.219346595,1.941936643
-0.085364344,0.219346595,1.941936643
-0.085364344,0.219346595,1.941936643
-0.085364344,0.219346595,1.941936643
-0.264129876,0.069537101,2.884165412
-0.264129876,0.069537101,2.884165412
-0.264129876,0.069537101,2.884165412
-0.264129876,0.069537101,2.884165412
-0.264129876,0.069537101,2.884165412
-0.264129876,0.069537101,2.884165412
-0.264129876,0.069537101,2.884165412
-0.264129876,0.069537101,2.884165412
-0.264129876,0.069537101,2.884165412
-0.264129876,0.069537101,2.884165412
-0.264129876,0.069537101,2.884165412
-0.264129876,0.069537101,2.884165412
-0.264129876,0.069537101,2.884165412
-0.264129876,0.069537101,2.884165412
-0.264129876,0.069537101,2.884165412
-0.264129876,0.069537101,2.884165412
-0.264129876,0.069537101,2.884165412
-0.341580599,0.047145461,3.004437721
-0.341580599,0.047145461,3.004437721
-0.341580599,0.047145461,3.004437721
-0.341580599,0.047145461,3.004437721
-0.341580599,0.047145461,3.004437721
-0.341580599,0.047145461,3.004437721
-0.341580599,0.047145461,3.004437721
-0.341580599,0.047145461,3.004437721
-0.341580599,0.047145461,3.004437721
-0.341580599,0.047145461,3.004437721
-0.341580599,0.047145461,3.004437721
-0.341580599,0.047145461,3.004437721
-0.341580599,0.047145461,3.004437721
-0.341580599,0.047145461,3.004437721
-0.341580599,0.047145461,3.004437721
-0.341580599,0.047145461,3.004437721
-0.341580599,0.047145461,3.004437721
-0.187169969,0.031103097,2.976921732
-0.187169969,0.031103097,2.976921732
-0.187169969,0.031103097,2.976921732
-0.187169969,0.031103097,2.976921732
-0.187169969,0.031103097,2.976921732
-0.187169969,0.031103097,2.976921732
-0.187169969,0.031103097,2.976921732
-0.187169969,0.031103097,2.976921732
-0.187169969,0.031103097,2.976921732
-0.187169969,0.031103097,2.976921732
-0.187169969,0.031103097,2.976921732
-0.187169969,0.031103097,2.976921732
-0.187169969,0.031103097,2.976921732
-0.187169969,0.031103097,2.976921732
-0.187169969,0.031103097,2.976921732
-0.187169969,0.031103097,2.976921732
-0.187169969,0.031103097,2.976921732
-0.223640712,0.19744577,2.418322417
-0.223640712,0.19744577,2.418322417
-0.223640712,0.19744577,2.418322417
-0.223640712,0.19744577,2.418322417
-0.223640712,0.19744577,2.418322417
-0.223640712,0.19744577,2.418322417
-0.223640712,0.19744577,2.418322417
-0.223640712,0.19744577,2.418322417
-0.223640712,0.19744577,2.418322417
-0.223640712,0.19744577,2.418322417
-0.223640712,0.19744577,2.418322417
-0.223640712,0.19744577,2.418322417
-0.223640712,0.19744577,2.418322417
-0.223640712,0.19744577,2.418322417
-0.223640712,0.19744577,2.418322417
-0.223640712,0.19744577,2.418322417
-0.084290815,0.148644067,2.08664663
-0.084290815,0.148644067,2.08664663
-0.084290815,0.148644067,2.08664663
-0.084290815,0.148644067,2.08664663
-0.084290815,0.148644067,2.08664663
-0.084290815,0.148644067,2.08664663
-0.084290815,0.148644067,2.08664663
-0.084290815,0.148644067,2.08664663
-0.084290815,0.148644067,2.08664663
-0.084290815,0.148644067,2.08664663
-0.084290815,0.148644067,2.08664663
-0.084290815,0.148644067,2.08664663
-0.084290815,0.148644067,2.08664663
-0.084290815,0.148644067,2.08664663
-0.084290815,0.148644067,2.08664663
-0.084290815,0.148644067,2.08664663
-0.084290815,0.148644067,2.08664663
-0.199193911,0.170943809,2.432370024
-0.199193911,0.170943809,2.432370024
-0.199193911,0.170943809,2.432370024
-0.199193911,0.170943809,2.432370024
-0.199193911,0.170943809,2.432370024
-0.199193911,0.170943809,2.432370024
-0.199193911,0.170943809,2.432370024
-0.199193911,0.170943809,2.432370024
-0.199193911,0.170943809,2.432370024
-0.199193911,0.170943809,2.432370024
-0.199193911,0.170943809,2.432370024
-0.199193911,0.170943809,2.432370024
-0.199193911,0.170943809,2.432370024
-0.199193911,0.170943809,2.432370024
-0.199193911,0.170943809,2.432370024
-0.199193911,0.170943809,2.432370024
-0.199193911,0.170943809,2.432370024
-0.199193911,0.170943809,2.432370024
-0.199193911,0.170943809,2.432370024
-0.17680227,0.093493086,2.655171177
-0.17680227,0.093493086,2.655171177
-0.17680227,0.093493086,2.655171177
-0.17680227,0.093493086,2.655171177
-0.17680227,0.093493086,2.655171177
-0.17680227,0.093493086,2.655171177
-0.17680227,0.093493086,2.655171177
-0.17680227,0.093493086,2.655171177
-0.17680227,0.093493086,2.655171177
-0.17680227,0.093493086,2.655171177
-0.17680227,0.093493086,2.655171177
-0.17680227,0.093493086,2.655171177
-0.17680227,0.093493086,2.655171177
-0.17680227,0.093493086,2.655171177
-0.17680227,0.093493086,2.655171177
-0.17680227,0.093493086,2.655171177
-0.17680227,0.093493086,2.655171177
-0.17680227,0.093493086,2.655171177
-0.17680227,0.093493086,2.655171177
-0.17680227,0.093493086,2.655171177
-0.294251342,0.004018422,3.127937075
-0.294251342,0.004018422,3.127937075
-0.294251342,0.004018422,3.127937075
-0.294251342,0.004018422,3.127937075
-0.294251342,0.004018422,3.127937075
-0.294251342,0.004018422,3.127937075
-0.294251342,0.004018422,3.127937075
-0.294251342,0.004018422,3.127937075
-0.294251342,0.004018422,3.127937075
-0.294251342,0.004018422,3.127937075
-0.294251342,0.004018422,3.127937075
-0.294251342,0.004018422,3.127937075
-0.294251342,0.004018422,3.127937075
-0.294251342,0.004018422,3.127937075
-0.294251342,0.004018422,3.127937075
-0.294251342,0.004018422,3.127937075
-0.294251342,0.004018422,3.127937075
-0.263056347,-0.001165427,3.146022958
-0.263056347,-0.001165427,3.146022958
-0.263056347,-0.001165427,3.146022958
-0.263056347,-0.001165427,3.146022958
-0.263056347,-0.001165427,3.146022958
-0.263056347,-0.001165427,3.146022958
-0.263056347,-0.001165427,3.146022958
-0.263056347,-0.001165427,3.146022958
-0.263056347,-0.001165427,3.146022958
-0.263056347,-0.001165427,3.146022958
-0.263056347,-0.001165427,3.146022958
-0.263056347,-0.001165427,3.146022958
-0.263056347,-0.001165427,3.146022958
-0.263056347,-0.001165427,3.146022958
-0.263056347,-0.001165427,3.146022958
-0.263056347,-0.001165427,3.146022958
-0.263056347,-0.001165427,3.146022958
-0.263056347,-0.001165427,3.146022958
-0.109719247,0.053494737,2.687946322
-0.109719247,0.053494737,2.687946322
-0.109719247,0.053494737,2.687946322
-0.109719247,0.053494737,2.687946322
-0.109719247,0.053494737,2.687946322
-0.109719247,0.053494737,2.687946322
-0.109719247,0.053494737,2.687946322
-0.109719247,0.053494737,2.687946322
-0.109719247,0.053494737,2.687946322
-0.109719247,0.053494737,2.687946322
-0.109719247,0.053494737,2.687946322
-0.109719247,0.053494737,2.687946322
-0.109719247,0.053494737,2.687946322
-0.109719247,0.053494737,2.687946322
-0.109719247,0.053494737,2.687946322
-0.109719247,0.053494737,2.687946322
-0.153919814,0.076868009,2.6784228
-0.153919814,0.076868009,2.6784228
-0.153919814,0.076868009,2.6784228
-0.153919814,0.076868009,2.6784228
-0.153919814,0.076868009,2.6784228
-0.153919814,0.076868009,2.6784228
-0.153919814,0.076868009,2.6784228
-0.153919814,0.076868009,2.6784228
-0.153919814,0.076868009,2.6784228
-0.153919814,0.076868009,2.6784228
-0.153919814,0.076868009,2.6784228
-0.153919814,0.076868009,2.6784228
-0.153919814,0.076868009,2.6784228
-0.153919814,0.076868009,2.6784228
-0.153919814,0.076868009,2.6784228
-0.153919814,0.076868009,2.6784228
-0.153919814,0.076868009,2.6784228
-0.165269144,-0.107173271,-2.566288691
-0.165269144,-0.107173271,-2.566288691
-0.165269144,-0.107173271,-2.566288691
-0.165269144,-0.107173271,-2.566288691
-0.165269144,-0.107173271,-2.566288691
-0.165269144,-0.107173271,-2.566288691
-0.165269144,-0.107173271,-2.566288691
-0.165269144,-0.107173271,-2.566288691
-0.165269144,-0.107173271,-2.566288691
-0.165269144,-0.107173271,-2.566288691
-0.165269144,-0.107173271,-2.566288691
-0.165269144,-0.107173271,-2.566288691
-0.165269144,-0.107173271,-2.566288691
-0.165269144,-0.107173271,-2.566288691
-0.165269144,-0.107173271,-2.566288691
-0.165269144,-0.107173271,-2.566288691
-0.165269144,-0.107173271,-2.566288691
-0.208978896,-0.022974354,3.251089183
-0.208978896,-0.022974354,3.251089183
-0.208978896,-0.022974354,3.251089183
-0.208978896,-0.022974354,3.251089183
-0.208978896,-0.022974354,3.251089183
-0.208978896,-0.022974354,3.251089183
-0.208978896,-0.022974354,3.251089183
-0.208978896,-0.022974354,3.251089183
-0.208978896,-0.022974354,3.251089183
-0.208978896,-0.022974354,3.251089183
-0.208978896,-0.022974354,3.251089183
-0.208978896,-0.022974354,3.251089183
-0.208978896,-0.022974354,3.251089183
-0.208978896,-0.022974354,3.251089183
-0.208978896,-0.022974354,3.251089183
-0.208978896,-0.022974354,3.251089183
-0.254743808,0.010275801,3.101276726
-0.254743808,0.010275801,3.101276726
-0.254743808,0.010275801,3.101276726
-0.254743808,0.010275801,3.101276726
-0.254743808,0.010275801,3.101276726
-0.254743808,0.010275801,3.101276726
-0.254743808,0.010275801,3.101276726
-0.254743808,0.010275801,3.101276726
-0.254743808,0.010275801,3.101276726
-0.254743808,0.010275801,3.101276726
-0.254743808,0.010275801,3.101276726
-0.254743808,0.010275801,3.101276726
-0.254743808,0.010275801,3.101276726
-0.254743808,0.010275801,3.101276726
-0.254743808,0.010275801,3.101276726
-0.254743808,0.010275801,3.101276726
-0.254743808,0.010275801,3.101276726
-0.269804541,-0.022483539,3.224733249
-0.269804541,-0.022483539,3.224733249
-0.269804541,-0.022483539,3.224733249
-0.269804541,-0.022483539,3.224733249
-0.269804541,-0.022483539,3.224733249
-0.269804541,-0.022483539,3.224733249
-0.269804541,-0.022483539,3.224733249
-0.269804541,-0.022483539,3.224733249
-0.269804541,-0.022483539,3.224733249
-0.269804541,-0.022483539,3.224733249
-0.269804541,-0.022483539,3.224733249
-0.269804541,-0.022483539,3.224733249
-0.269804541,-0.022483539,3.224733249
-0.269804541,-0.022483539,3.224733249
-0.269804541,-0.022483539,3.224733249
-0.269804541,-0.022483539,3.224733249
-0.269804541,-0.022483539,3.224733249
-0.224622343,0.07579448,2.816158991
-0.224622343,0.07579448,2.816158991
-0.224622343,0.07579448,2.816158991
-0.224622343,0.07579448,2.816158991
-0.224622343,0.07579448,2.816158991
-0.224622343,0.07579448,2.816158991
-0.224622343,0.07579448,2.816158991
-0.224622343,0.07579448,2.816158991
-0.224622343,0.07579448,2.816158991
-0.224622343,0.07579448,2.816158991
-0.224622343,0.07579448,2.816158991
-0.224622343,0.07579448,2.816158991
-0.224622343,0.07579448,2.816158991
-0.224622343,0.07579448,2.816158991
-0.224622343,0.07579448,2.816158991
-0.224622343,0.07579448,2.816158991
-0.224622343,0.07579448,2.816158991
-0.18609644,-0.039599432,-2.931929959
-0.18609644,-0.039599432,-2.931929959
-0.18609644,-0.039599432,-2.931929959
-0.18609644,-0.039599432,-2.931929959
-0.18609644,-0.039599432,-2.931929959
-0.18609644,-0.039599432,-2.931929959
-0.18609644,-0.039599432,-2.931929959
-0.18609644,-0.039599432,-2.931929959
-0.18609644,-0.039599432,-2.931929959
-0.18609644,-0.039599432,-2.931929959
-0.18609644,-0.039599432,-2.931929959
-0.18609644,-0.039599432,-2.931929959
-0.18609644,-0.039599432,-2.931929959
-0.18609644,-0.039599432,-2.931929959
-0.18609644,-0.039599432,-2.931929959
-0.18609644,-0.039599432,-2.931929959
-0.18609644,-0.039599432,-2.931929959
-0.195482508,0.019661869,3.041348571
-0.195482508,0.019661869,3.041348571
-0.195482508,0.019661869,3.041348571
-0.195482508,0.019661869,3.041348571
-0.195482508,0.019661869,3.041348571
-0.195482508,0.019661869,3.041348571
-0.195482508,0.019661869,3.041348571
-0.195482508,0.019661869,3.041348571
-0.195482508,0.019661869,3.041348571
-0.195482508,0.019661869,3.041348571
-0.195482508,0.019661869,3.041348571
-0.195482508,0.019661869,3.041348571
-0.195482508,0.019661869,3.041348571
-0.195482508,0.019661869,3.041348571
-0.195482508,0.019661869,3.041348571
-0.195482508,0.019661869,3.041348571
-0.248977245,-0.090057378,-2.794524733
-0.248977245,-0.090057378,-2.794524733
-0.248977245,-0.090057378,-2.794524733
-0.248977245,-0.090057378,-2.794524733
-0.248977245,-0.090057378,-2.794524733
-0.248977245,-0.090057378,-2.794524733
-0.248977245,-0.090057378,-2.794524733
-0.248977245,-0.090057378,-2.794524733
-0.248977245,-0.090057378,-2.794524733
-0.248977245,-0.090057378,-2.794524733
-0.248977245,-0.090057378,-2.794524733
-0.248977245,-0.090057378,-2.794524733
-0.248977245,-0.090057378,-2.794524733
-0.248977245,-0.090057378,-2.794524733
-0.248977245,-0.090057378,-2.794524733
-0.248977245,-0.090057378,-2.794524733
-0.248977245,-0.090057378,-2.794524733
-0.248977245,-0.090057378,-2.794524733
-0.273424046,-0.063555417,-2.913205556
-0.273424046,-0.063555417,-2.913205556
-0.273424046,-0.063555417,-2.913205556
-0.273424046,-0.063555417,-2.913205556
-0.273424046,-0.063555417,-2.913205556
-0.273424046,-0.063555417,-2.913205556
-0.273424046,-0.063555417,-2.913205556
-0.273424046,-0.063555417,-2.913205556
-0.273424046,-0.063555417,-2.913205556
-0.273424046,-0.063555417,-2.913205556
-0.273424046,-0.063555417,-2.913205556
-0.273424046,-0.063555417,-2.913205556
-0.273424046,-0.063555417,-2.913205556
-0.273424046,-0.063555417,-2.913205556
-0.273424046,-0.063555417,-2.913205556
-0.273424046,-0.063555417,-2.913205556
-0.273424046,-0.063555417,-2.913205556
-0.273424046,-0.063555417,-2.913205556
-0.161649639,-0.066101393,-2.753422354
-0.161649639,-0.066101393,-2.753422354
-0.161649639,-0.066101393,-2.753422354
-0.161649639,-0.066101393,-2.753422354
-0.161649639,-0.066101393,-2.753422354
-0.161649639,-0.066101393,-2.753422354
-0.161649639,-0.066101393,-2.753422354
-0.161649639,-0.066101393,-2.753422354
-0.161649639,-0.066101393,-2.753422354
-0.161649639,-0.066101393,-2.753422354
-0.161649639,-0.066101393,-2.753422354
-0.161649639,-0.066101393,-2.753422354
-0.161649639,-0.066101393,-2.753422354
-0.161649639,-0.066101393,-2.753422354
-0.161649639,-0.066101393,-2.753422354
-0.161649639,-0.066101393,-2.753422354
-0.161649639,-0.066101393,-2.753422354
-0.161649639,-0.066101393,-2.753422354
-0.326918783,-0.173274664,-2.654215666
-0.326918783,-0.173274664,-2.654215666
-0.326918783,-0.173274664,-2.654215666
-0.326918783,-0.173274664,-2.654215666
-0.326918783,-0.173274664,-2.654215666
-0.326918783,-0.173274664,-2.654215666
-0.326918783,-0.173274664,-2.654215666
-0.326918783,-0.173274664,-2.654215666
-0.326918783,-0.173274664,-2.654215666
-0.326918783,-0.173274664,-2.654215666
-0.326918783,-0.173274664,-2.654215666
-0.326918783,-0.173274664,-2.654215666
-0.326918783,-0.173274664,-2.654215666
-0.326918783,-0.173274664,-2.654215666
-0.326918783,-0.173274664,-2.654215666
-0.326918783,-0.173274664,-2.654215666
-0.161158824,-0.005275748,3.174317292
-0.161158824,-0.005275748,3.174317292
-0.161158824,-0.005275748,3.174317292
-0.161158824,-0.005275748,3.174317292
-0.161158824,-0.005275748,3.174317292
-0.161158824,-0.005275748,3.174317292
-0.161158824,-0.005275748,3.174317292
-0.161158824,-0.005275748,3.174317292
-0.161158824,-0.005275748,3.174317292
-0.161158824,-0.005275748,3.174317292
-0.161158824,-0.005275748,3.174317292
-0.161158824,-0.005275748,3.174317292
-0.161158824,-0.005275748,3.174317292
-0.161158824,-0.005275748,3.174317292
-0.161158824,-0.005275748,3.174317292
-0.161158824,-0.005275748,3.174317292
-0.161158824,-0.005275748,3.174317292
-0.190789474,-0.009968782,3.193795348
-0.190789474,-0.009968782,3.193795348
-0.190789474,-0.009968782,3.193795348
-0.190789474,-0.009968782,3.193795348
-0.190789474,-0.009968782,3.193795348
-0.190789474,-0.009968782,3.193795348
-0.190789474,-0.009968782,3.193795348
-0.190789474,-0.009968782,3.193795348
-0.190789474,-0.009968782,3.193795348
-0.190789474,-0.009968782,3.193795348
-0.190789474,-0.009968782,3.193795348
-0.190789474,-0.009968782,3.193795348
-0.190789474,-0.009968782,3.193795348
-0.190789474,-0.009968782,3.193795348
-0.190789474,-0.009968782,3.193795348
-0.190789474,-0.009968782,3.193795348
-0.190789474,-0.009968782,3.193795348
-0.14922678,0.047237359,2.835024677
-0.14922678,0.047237359,2.835024677
-0.14922678,0.047237359,2.835024677
-0.14922678,0.047237359,2.835024677
-0.14922678,0.047237359,2.835024677
-0.14922678,0.047237359,2.835024677
-0.14922678,0.047237359,2.835024677
-0.14922678,0.047237359,2.835024677
-0.14922678,0.047237359,2.835024677
-0.14922678,0.047237359,2.835024677
-0.14922678,0.047237359,2.835024677
-0.14922678,0.047237359,2.835024677
-0.14922678,0.047237359,2.835024677
-0.14922678,0.047237359,2.835024677
-0.14922678,0.047237359,2.835024677
-0.14922678,0.047237359,2.835024677
-0.14922678,0.047237359,2.835024677
-0.14922678,0.047237359,2.835024677
-0.210543241,-0.013097471,3.20372058
-0.210543241,-0.013097471,3.20372058
-0.210543241,-0.013097471,3.20372058
-0.210543241,-0.013097471,3.20372058
-0.210543241,-0.013097471,3.20372058
-0.210543241,-0.013097471,3.20372058
-0.210543241,-0.013097471,3.20372058
-0.210543241,-0.013097471,3.20372058
-0.210543241,-0.013097471,3.20372058
-0.210543241,-0.013097471,3.20372058
-0.210543241,-0.013097471,3.20372058
-0.210543241,-0.013097471,3.20372058
-0.210543241,-0.013097471,3.20372058
-0.210543241,-0.013097471,3.20372058
-0.210543241,-0.013097471,3.20372058
-0.210543241,-0.013097471,3.20372058
-0.098768834,-0.015643447,-2.984513021
-0.098768834,-0.015643447,-2.984513021
-0.098768834,-0.015643447,-2.984513021
-0.098768834,-0.015643447,-2.984513021
-0.098768834,-0.015643447,-2.984513021
-0.098768834,-0.015643447,-2.984513021
-0.098768834,-0.015643447,-2.984513021
-0.098768834,-0.015643447,-2.984513021
-0.098768834,-0.015643447,-2.984513021
-0.098768834,-0.015643447,-2.984513021
-0.098768834,-0.015643447,-2.984513021
-0.098768834,-0.015643447,-2.984513021
-0.098768834,-0.015643447,-2.984513021
-0.098768834,-0.015643447,-2.984513021
-0.098768834,-0.015643447,-2.984513021
-0.098768834,-0.015643447,-2.984513021
-0.140914241,0.058678587,2.747017304
-0.140914241,0.058678587,2.747017304
-0.140914241,0.058678587,2.747017304
-0.140914241,0.058678587,2.747017304
-0.140914241,0.058678587,2.747017304
-0.140914241,0.058678587,2.747017304
-0.140914241,0.058678587,2.747017304
-0.140914241,0.058678587,2.747017304
-0.140914241,0.058678587,2.747017304
-0.140914241,0.058678587,2.747017304
-0.140914241,0.058678587,2.747017304
-0.140914241,0.058678587,2.747017304
-0.140914241,0.058678587,2.747017304
-0.140914241,0.058678587,2.747017304
-0.140914241,0.058678587,2.747017304
-0.140914241,0.058678587,2.747017304
-0.140914241,0.058678587,2.747017304
-0.138276368,-0.021900825,-2.984513021
-0.138276368,-0.021900825,-2.984513021
-0.138276368,-0.021900825,-2.984513021
-0.138276368,-0.021900825,-2.984513021
-0.138276368,-0.021900825,-2.984513021
-0.138276368,-0.021900825,-2.984513021
-0.138276368,-0.021900825,-2.984513021
-0.138276368,-0.021900825,-2.984513021
-0.138276368,-0.021900825,-2.984513021
-0.138276368,-0.021900825,-2.984513021
-0.138276368,-0.021900825,-2.984513021
-0.138276368,-0.021900825,-2.984513021
-0.138276368,-0.021900825,-2.984513021
-0.138276368,-0.021900825,-2.984513021
-0.138276368,-0.021900825,-2.984513021
-0.138276368,-0.021900825,-2.984513021
-0.116467441,0.032176626,2.872044793
-0.116467441,0.032176626,2.872044793
-0.116467441,0.032176626,2.872044793
-0.116467441,0.032176626,2.872044793
-0.116467441,0.032176626,2.872044793
-0.116467441,0.032176626,2.872044793
-0.116467441,0.032176626,2.872044793
-0.116467441,0.032176626,2.872044793
-0.116467441,0.032176626,2.872044793
-0.116467441,0.032176626,2.872044793
-0.116467441,0.032176626,2.872044793
-0.116467441,0.032176626,2.872044793
-0.116467441,0.032176626,2.872044793
-0.116467441,0.032176626,2.872044793
-0.116467441,0.032176626,2.872044793
-0.116467441,0.032176626,2.872044793
-0.116467441,0.032176626,2.872044793
-0.14922678,0.047237359,2.835024677
-0.14922678,0.047237359,2.835024677
-0.14922678,0.047237359,2.835024677
-0.14922678,0.047237359,2.835024677
-0.14922678,0.047237359,2.835024677
-0.14922678,0.047237359,2.835024677
-0.14922678,0.047237359,2.835024677
-0.14922678,0.047237359,2.835024677
-0.14922678,0.047237359,2.835024677
-0.14922678,0.047237359,2.835024677
-0.14922678,0.047237359,2.835024677
-0.14922678,0.047237359,2.835024677
-0.14922678,0.047237359,2.835024677
-0.14922678,0.047237359,2.835024677
-0.14922678,0.047237359,2.835024677
-0.14922678,0.047237359,2.835024677
-0.168489732,0.104934315,2.584581588
-0.168489732,0.104934315,2.584581588
-0.168489732,0.104934315,2.584581588
-0.168489732,0.104934315,2.584581588
-0.168489732,0.104934315,2.584581588
-0.168489732,0.104934315,2.584581588
-0.168489732,0.104934315,2.584581588
-0.168489732,0.104934315,2.584581588
-0.168489732,0.104934315,2.584581588
-0.168489732,0.104934315,2.584581588
-0.168489732,0.104934315,2.584581588
-0.168489732,0.104934315,2.584581588
-0.168489732,0.104934315,2.584581588
-0.168489732,0.104934315,2.584581588
-0.168489732,0.104934315,2.584581588
-0.168489732,0.104934315,2.584581588
-0.168489732,0.104934315,2.584581588
-0.299926007,-0.088002218,-2.856189793
-0.299926007,-0.088002218,-2.856189793
-0.299926007,-0.088002218,-2.856189793
-0.299926007,-0.088002218,-2.856189793
-0.299926007,-0.088002218,-2.856189793
-0.299926007,-0.088002218,-2.856189793
-0.299926007,-0.088002218,-2.856189793
-0.299926007,-0.088002218,-2.856189793
-0.299926007,-0.088002218,-2.856189793
-0.299926007,-0.088002218,-2.856189793
-0.299926007,-0.088002218,-2.856189793
-0.299926007,-0.088002218,-2.856189793
-0.299926007,-0.088002218,-2.856189793
-0.299926007,-0.088002218,-2.856189793
-0.299926007,-0.088002218,-2.856189793
-0.299926007,-0.088002218,-2.856189793
-0.268731012,-0.093186067,-2.807804165
-0.268731012,-0.093186067,-2.807804165
-0.268731012,-0.093186067,-2.807804165
-0.268731012,-0.093186067,-2.807804165
-0.268731012,-0.093186067,-2.807804165
-0.268731012,-0.093186067,-2.807804165
-0.268731012,-0.093186067,-2.807804165
-0.268731012,-0.093186067,-2.807804165
-0.268731012,-0.093186067,-2.807804165
-0.268731012,-0.093186067,-2.807804165
-0.268731012,-0.093186067,-2.807804165
-0.268731012,-0.093186067,-2.807804165
-0.268731012,-0.093186067,-2.807804165
-0.268731012,-0.093186067,-2.807804165
-0.268731012,-0.093186067,-2.807804165
-0.268731012,-0.093186067,-2.807804165
-0.268731012,-0.093186067,-2.807804165
-0.31293158,-0.069812796,-2.922094211
-0.31293158,-0.069812796,-2.922094211
-0.31293158,-0.069812796,-2.922094211
-0.31293158,-0.069812796,-2.922094211
-0.31293158,-0.069812796,-2.922094211
-0.31293158,-0.069812796,-2.922094211
-0.31293158,-0.069812796,-2.922094211
-0.31293158,-0.069812796,-2.922094211
-0.31293158,-0.069812796,-2.922094211
-0.31293158,-0.069812796,-2.922094211
-0.31293158,-0.069812796,-2.922094211
-0.31293158,-0.069812796,-2.922094211
-0.31293158,-0.069812796,-2.922094211
-0.31293158,-0.069812796,-2.922094211
-0.31293158,-0.069812796,-2.922094211
-0.31293158,-0.069812796,-2.922094211
-0.31293158,-0.069812796,-2.922094211
-0.306766099,0.083033489,2.877253079
-0.306766099,0.083033489,2.877253079
-0.306766099,0.083033489,2.877253079
-0.306766099,0.083033489,2.877253079
-0.306766099,0.083033489,2.877253079
-0.306766099,0.083033489,2.877253079
-0.306766099,0.083033489,2.877253079
-0.306766099,0.083033489,2.877253079
-0.306766099,0.083033489,2.877253079
-0.306766099,0.083033489,2.877253079
-0.306766099,0.083033489,2.877253079
-0.306766099,0.083033489,2.877253079
-0.306766099,0.083033489,2.877253079
-0.306766099,0.083033489,2.877253079
-0.306766099,0.083033489,2.877253079
-0.306766099,0.083033489,2.877253079
-0.306766099,0.083033489,2.877253079
-0.306766099,0.083033489,2.877253079
-0.306766099,0.083033489,2.877253079
-0.306766099,0.083033489,2.877253079
-0.200175542,0.049292519,2.900149841
-0.200175542,0.049292519,2.900149841
-0.200175542,0.049292519,2.900149841
-0.200175542,0.049292519,2.900149841
-0.200175542,0.049292519,2.900149841
-0.200175542,0.049292519,2.900149841
-0.200175542,0.049292519,2.900149841
-0.200175542,0.049292519,2.900149841
-0.200175542,0.049292519,2.900149841
-0.200175542,0.049292519,2.900149841
-0.200175542,0.049292519,2.900149841
-0.200175542,0.049292519,2.900149841
-0.200175542,0.049292519,2.900149841
-0.200175542,0.049292519,2.900149841
-0.200175542,0.049292519,2.900149841
-0.200175542,0.049292519,2.900149841
-0.200175542,0.049292519,2.900149841
-0.347347162,0.147478639,2.740072971
-0.347347162,0.147478639,2.740072971
-0.347347162,0.147478639,2.740072971
-0.347347162,0.147478639,2.740072971
-0.347347162,0.147478639,2.740072971
-0.347347162,0.147478639,2.740072971
-0.347347162,0.147478639,2.740072971
-0.347347162,0.147478639,2.740072971
-0.347347162,0.147478639,2.740072971
-0.347347162,0.147478639,2.740072971
-0.347347162,0.147478639,2.740072971
-0.347347162,0.147478639,2.740072971
-0.347347162,0.147478639,2.740072971
-0.347347162,0.147478639,2.740072971
-0.347347162,0.147478639,2.740072971
-0.347347162,0.147478639,2.740072971
-0.347347162,0.147478639,2.740072971
-0.21161677,0.057605058,2.87581836
-0.21161677,0.057605058,2.87581836
-0.21161677,0.057605058,2.87581836
-0.21161677,0.057605058,2.87581836
-0.21161677,0.057605058,2.87581836
-0.21161677,0.057605058,2.87581836
-0.21161677,0.057605058,2.87581836
-0.21161677,0.057605058,2.87581836
-0.21161677,0.057605058,2.87581836
-0.21161677,0.057605058,2.87581836
-0.21161677,0.057605058,2.87581836
-0.21161677,0.057605058,2.87581836
-0.21161677,0.057605058,2.87581836
-0.21161677,0.057605058,2.87581836
-0.21161677,0.057605058,2.87581836
-0.21161677,0.057605058,2.87581836
-0.21161677,0.057605058,2.87581836
-0.187169969,0.031103097,2.976921732
-0.187169969,0.031103097,2.976921732
-0.187169969,0.031103097,2.976921732
-0.187169969,0.031103097,2.976921732
-0.187169969,0.031103097,2.976921732
-0.187169969,0.031103097,2.976921732
-0.187169969,0.031103097,2.976921732
-0.187169969,0.031103097,2.976921732
-0.187169969,0.031103097,2.976921732
-0.187169969,0.031103097,2.976921732
-0.187169969,0.031103097,2.976921732
-0.187169969,0.031103097,2.976921732
-0.187169969,0.031103097,2.976921732
-0.187169969,0.031103097,2.976921732
-0.187169969,0.031103097,2.976921732
-0.187169969,0.031103097,2.976921732
-0.201739887,0.059169402,2.856298063
-0.201739887,0.059169402,2.856298063
-0.201739887,0.059169402,2.856298063
-0.201739887,0.059169402,2.856298063
-0.201739887,0.059169402,2.856298063
-0.201739887,0.059169402,2.856298063
-0.201739887,0.059169402,2.856298063
-0.201739887,0.059169402,2.856298063
-0.201739887,0.059169402,2.856298063
-0.201739887,0.059169402,2.856298063
-0.201739887,0.059169402,2.856298063
-0.201739887,0.059169402,2.856298063
-0.201739887,0.059169402,2.856298063
-0.201739887,0.059169402,2.856298063
-0.201739887,0.059169402,2.856298063
-0.201739887,0.059169402,2.856298063
-0.201739887,0.059169402,2.856298063
-0.212690299,0.128307586,2.598779417
-0.212690299,0.128307586,2.598779417
-0.212690299,0.128307586,2.598779417
-0.212690299,0.128307586,2.598779417
-0.212690299,0.128307586,2.598779417
-0.212690299,0.128307586,2.598779417
-0.212690299,0.128307586,2.598779417
-0.212690299,0.128307586,2.598779417
-0.212690299,0.128307586,2.598779417
-0.212690299,0.128307586,2.598779417
-0.212690299,0.128307586,2.598779417
-0.212690299,0.128307586,2.598779417
-0.212690299,0.128307586,2.598779417
-0.212690299,0.128307586,2.598779417
-0.212690299,0.128307586,2.598779417
-0.212690299,0.128307586,2.598779417
-0.355567803,-0.056316407,-2.984513021
-0.355567803,-0.056316407,-2.984513021
-0.355567803,-0.056316407,-2.984513021
-0.355567803,-0.056316407,-2.984513021
-0.355567803,-0.056316407,-2.984513021
-0.355567803,-0.056316407,-2.984513021
-0.355567803,-0.056316407,-2.984513021
-0.355567803,-0.056316407,-2.984513021
-0.355567803,-0.056316407,-2.984513021
-0.355567803,-0.056316407,-2.984513021
-0.355567803,-0.056316407,-2.984513021
-0.355567803,-0.056316407,-2.984513021
-0.355567803,-0.056316407,-2.984513021
-0.355567803,-0.056316407,-2.984513021
-0.355567803,-0.056316407,-2.984513021
-0.355567803,-0.056316407,-2.984513021
-0.355567803,-0.056316407,-2.984513021
-0.355567803,-0.056316407,-2.984513021
-0.210052425,0.047728174,2.918165909
-0.210052425,0.047728174,2.918165909
-0.210052425,0.047728174,2.918165909
-0.210052425,0.047728174,2.918165909
-0.210052425,0.047728174,2.918165909
-0.210052425,0.047728174,2.918165909
-0.210052425,0.047728174,2.918165909
-0.210052425,0.047728174,2.918165909
-0.210052425,0.047728174,2.918165909
-0.210052425,0.047728174,2.918165909
-0.210052425,0.047728174,2.918165909
-0.210052425,0.047728174,2.918165909
-0.210052425,0.047728174,2.918165909
-0.210052425,0.047728174,2.918165909
-0.210052425,0.047728174,2.918165909
-0.210052425,0.047728174,2.918165909
-0.210052425,0.047728174,2.918165909
-0.461176729,0.099075853,2.929976384
-0.461176729,0.099075853,2.929976384
-0.461176729,0.099075853,2.929976384
-0.461176729,0.099075853,2.929976384
-0.461176729,0.099075853,2.929976384
-0.461176729,0.099075853,2.929976384
-0.461176729,0.099075853,2.929976384
-0.461176729,0.099075853,2.929976384
-0.461176729,0.099075853,2.929976384
-0.461176729,0.099075853,2.929976384
-0.461176729,0.099075853,2.929976384
-0.461176729,0.099075853,2.929976384
-0.461176729,0.099075853,2.929976384
-0.461176729,0.099075853,2.929976384
-0.461176729,0.099075853,2.929976384
-0.461176729,0.099075853,2.929976384
-0.461176729,0.099075853,2.929976384
-0.418448608,-0.106774354,-2.891756701
-0.418448608,-0.106774354,-2.891756701
-0.418448608,-0.106774354,-2.891756701
-0.418448608,-0.106774354,-2.891756701
-0.418448608,-0.106774354,-2.891756701
-0.418448608,-0.106774354,-2.891756701
-0.418448608,-0.106774354,-2.891756701
-0.418448608,-0.106774354,-2.891756701
-0.418448608,-0.106774354,-2.891756701
-0.418448608,-0.106774354,-2.891756701
-0.418448608,-0.106774354,-2.891756701
-0.418448608,-0.106774354,-2.891756701
-0.418448608,-0.106774354,-2.891756701
-0.418448608,-0.106774354,-2.891756701
-0.418448608,-0.106774354,-2.891756701
-0.418448608,-0.106774354,-2.891756701
-0.418448608,-0.106774354,-2.891756701
-0.233916512,-0.057298038,-2.901371789
-0.233916512,-0.057298038,-2.901371789
-0.233916512,-0.057298038,-2.901371789
-0.233916512,-0.057298038,-2.901371789
-0.233916512,-0.057298038,-2.901371789
-0.233916512,-0.057298038,-2.901371789
-0.233916512,-0.057298038,-2.901371789
-0.233916512,-0.057298038,-2.901371789
-0.233916512,-0.057298038,-2.901371789
-0.233916512,-0.057298038,-2.901371789
-0.233916512,-0.057298038,-2.901371789
-0.233916512,-0.057298038,-2.901371789
-0.233916512,-0.057298038,-2.901371789
-0.233916512,-0.057298038,-2.901371789
-0.233916512,-0.057298038,-2.901371789
-0.233916512,-0.057298038,-2.901371789
-0.28017224,-0.084873528,-2.847446847
-0.28017224,-0.084873528,-2.847446847
-0.28017224,-0.084873528,-2.847446847
-0.28017224,-0.084873528,-2.847446847
-0.28017224,-0.084873528,-2.847446847
-0.28017224,-0.084873528,-2.847446847
-0.28017224,-0.084873528,-2.847446847
-0.28017224,-0.084873528,-2.847446847
-0.28017224,-0.084873528,-2.847446847
-0.28017224,-0.084873528,-2.847446847
-0.28017224,-0.084873528,-2.847446847
-0.28017224,-0.084873528,-2.847446847
-0.28017224,-0.084873528,-2.847446847
-0.28017224,-0.084873528,-2.847446847
-0.28017224,-0.084873528,-2.847446847
-0.28017224,-0.084873528,-2.847446847
-0.28017224,-0.084873528,-2.847446847
-0.353391915,0.071513314,2.941926379
-0.353391915,0.071513314,2.941926379
-0.353391915,0.071513314,2.941926379
-0.353391915,0.071513314,2.941926379
-0.353391915,0.071513314,2.941926379
-0.353391915,0.071513314,2.941926379
-0.353391915,0.071513314,2.941926379
-0.353391915,0.071513314,2.941926379
-0.353391915,0.071513314,2.941926379
-0.353391915,0.071513314,2.941926379
-0.353391915,0.071513314,2.941926379
-0.353391915,0.071513314,2.941926379
-0.353391915,0.071513314,2.941926379
-0.353391915,0.071513314,2.941926379
-0.353391915,0.071513314,2.941926379
-0.353391915,0.071513314,2.941926379
-0.353391915,0.071513314,2.941926379
-0.331372224,-0.091062884,-2.873407348
-0.331372224,-0.091062884,-2.873407348
-0.331372224,-0.091062884,-2.873407348
-0.331372224,-0.091062884,-2.873407348
-0.331372224,-0.091062884,-2.873407348
-0.331372224,-0.091062884,-2.873407348
-0.331372224,-0.091062884,-2.873407348
-0.331372224,-0.091062884,-2.873407348
-0.331372224,-0.091062884,-2.873407348
-0.331372224,-0.091062884,-2.873407348
-0.331372224,-0.091062884,-2.873407348
-0.331372224,-0.091062884,-2.873407348
-0.331372224,-0.091062884,-2.873407348
-0.331372224,-0.091062884,-2.873407348
-0.331372224,-0.091062884,-2.873407348
-0.331372224,-0.091062884,-2.873407348
-0.331372224,-0.091062884,-2.873407348
-0.512417083,0.005360306,3.131132209
-0.512417083,0.005360306,3.131132209
-0.512417083,0.005360306,3.131132209
-0.512417083,0.005360306,3.131132209
-0.512417083,0.005360306,3.131132209
-0.512417083,0.005360306,3.131132209
-0.512417083,0.005360306,3.131132209
-0.512417083,0.005360306,3.131132209
-0.512417083,0.005360306,3.131132209
-0.512417083,0.005360306,3.131132209
-0.512417083,0.005360306,3.131132209
-0.512417083,0.005360306,3.131132209
-0.512417083,0.005360306,3.131132209
-0.512417083,0.005360306,3.131132209
-0.512417083,0.005360306,3.131132209
-0.512417083,0.005360306,3.131132209
-0.584765384,0.029145245,3.091792942
-0.584765384,0.029145245,3.091792942
-0.584765384,0.029145245,3.091792942
-0.584765384,0.029145245,3.091792942
-0.584765384,0.029145245,3.091792942
-0.584765384,0.029145245,3.091792942
-0.584765384,0.029145245,3.091792942
-0.584765384,0.029145245,3.091792942
-0.584765384,0.029145245,3.091792942
-0.584765384,0.029145245,3.091792942
-0.584765384,0.029145245,3.091792942
-0.584765384,0.029145245,3.091792942
-0.584765384,0.029145245,3.091792942
-0.584765384,0.029145245,3.091792942
-0.584765384,0.029145245,3.091792942
-0.584765384,0.029145245,3.091792942
-0.584765384,0.029145245,3.091792942
-0.440113577,0.129614964,2.855186168
-0.440113577,0.129614964,2.855186168
-0.440113577,0.129614964,2.855186168
-0.440113577,0.129614964,2.855186168
-0.440113577,0.129614964,2.855186168
-0.440113577,0.129614964,2.855186168
-0.440113577,0.129614964,2.855186168
-0.440113577,0.129614964,2.855186168
-0.440113577,0.129614964,2.855186168
-0.440113577,0.129614964,2.855186168
-0.440113577,0.129614964,2.855186168
-0.440113577,0.129614964,2.855186168
-0.440113577,0.129614964,2.855186168
-0.440113577,0.129614964,2.855186168
-0.440113577,0.129614964,2.855186168
-0.440113577,0.129614964,2.855186168
-0.440113577,0.129614964,2.855186168
-0.334776654,0.056785488,2.973569896
-0.334776654,0.056785488,2.973569896
-0.334776654,0.056785488,2.973569896
-0.334776654,0.056785488,2.973569896
-0.334776654,0.056785488,2.973569896
-0.334776654,0.056785488,2.973569896
-0.334776654,0.056785488,2.973569896
-0.334776654,0.056785488,2.973569896
-0.334776654,0.056785488,2.973569896
-0.334776654,0.056785488,2.973569896
-0.334776654,0.056785488,2.973569896
-0.334776654,0.056785488,2.973569896
-0.334776654,0.056785488,2.973569896
-0.334776654,0.056785488,2.973569896
-0.334776654,0.056785488,2.973569896
-0.334776654,0.056785488,2.973569896
-0.436835488,-0.06061977,-3.003703025
-0.436835488,-0.06061977,-3.003703025
-0.436835488,-0.06061977,-3.003703025
-0.436835488,-0.06061977,-3.003703025
-0.436835488,-0.06061977,-3.003703025
-0.436835488,-0.06061977,-3.003703025
-0.436835488,-0.06061977,-3.003703025
-0.436835488,-0.06061977,-3.003703025
-0.436835488,-0.06061977,-3.003703025
-0.436835488,-0.06061977,-3.003703025
-0.436835488,-0.06061977,-3.003703025
-0.436835488,-0.06061977,-3.003703025
-0.436835488,-0.06061977,-3.003703025
-0.436835488,-0.06061977,-3.003703025
-0.436835488,-0.06061977,-3.003703025
-0.436835488,-0.06061977,-3.003703025
-0.436835488,-0.06061977,-3.003703025
-0.433347664,-0.110497972,-2.891925984
-0.433347664,-0.110497972,-2.891925984
-0.433347664,-0.110497972,-2.891925984
-0.433347664,-0.110497972,-2.891925984
-0.433347664,-0.110497972,-2.891925984
-0.433347664,-0.110497972,-2.891925984
-0.433347664,-0.110497972,-2.891925984
-0.433347664,-0.110497972,-2.891925984
-0.433347664,-0.110497972,-2.891925984
-0.433347664,-0.110497972,-2.891925984
-0.433347664,-0.110497972,-2.891925984
-0.433347664,-0.110497972,-2.891925984
-0.433347664,-0.110497972,-2.891925984
-0.433347664,-0.110497972,-2.891925984
-0.433347664,-0.110497972,-2.891925984
-0.433347664,-0.110497972,-2.891925984
-0.433347664,-0.110497972,-2.891925984
-0.238927542,-0.167073726,-2.531359983
-0.238927542,-0.167073726,-2.531359983
-0.238927542,-0.167073726,-2.531359983
-0.238927542,-0.167073726,-2.531359983
-0.238927542,-0.167073726,-2.531359983
-0.238927542,-0.167073726,-2.531359983
-0.238927542,-0.167073726,-2.531359983
-0.238927542,-0.167073726,-2.531359983
-0.238927542,-0.167073726,-2.531359983
-0.238927542,-0.167073726,-2.531359983
-0.238927542,-0.167073726,-2.531359983
-0.238927542,-0.167073726,-2.531359983
-0.238927542,-0.167073726,-2.531359983
-0.238927542,-0.167073726,-2.531359983
-0.238927542,-0.167073726,-2.531359983
-0.238927542,-0.167073726,-2.531359983
-0.238927542,-0.167073726,-2.531359983
-0.264181244,-0.379352435,-2.179102464
-0.264181244,-0.379352435,-2.179102464
-0.264181244,-0.379352435,-2.179102464
-0.264181244,-0.379352435,-2.179102464
-0.264181244,-0.379352435,-2.179102464
-0.264181244,-0.379352435,-2.179102464
-0.264181244,-0.379352435,-2.179102464
-0.264181244,-0.379352435,-2.179102464
-0.264181244,-0.379352435,-2.179102464
-0.264181244,-0.379352435,-2.179102464
-0.264181244,-0.379352435,-2.179102464
-0.264181244,-0.379352435,-2.179102464
-0.264181244,-0.379352435,-2.179102464
-0.264181244,-0.379352435,-2.179102464
-0.264181244,-0.379352435,-2.179102464
-0.264181244,-0.379352435,-2.179102464
-0.424767153,-0.089849127,-2.933139746
-0.424767153,-0.089849127,-2.933139746
-0.424767153,-0.089849127,-2.933139746
-0.424767153,-0.089849127,-2.933139746
-0.424767153,-0.089849127,-2.933139746
-0.424767153,-0.089849127,-2.933139746
-0.424767153,-0.089849127,-2.933139746
-0.424767153,-0.089849127,-2.933139746
-0.424767153,-0.089849127,-2.933139746
-0.424767153,-0.089849127,-2.933139746
-0.424767153,-0.089849127,-2.933139746
-0.424767153,-0.089849127,-2.933139746
-0.424767153,-0.089849127,-2.933139746
-0.424767153,-0.089849127,-2.933139746
-0.424767153,-0.089849127,-2.933139746
-0.424767153,-0.089849127,-2.933139746
-0.424767153,-0.089849127,-2.933139746
-0.234044588,-0.236903209,-2.350124633
-0.234044588,-0.236903209,-2.350124633
-0.234044588,-0.236903209,-2.350124633
-0.234044588,-0.236903209,-2.350124633
-0.234044588,-0.236903209,-2.350124633
-0.234044588,-0.236903209,-2.350124633
-0.234044588,-0.236903209,-2.350124633
-0.234044588,-0.236903209,-2.350124633
-0.234044588,-0.236903209,-2.350124633
-0.234044588,-0.236903209,-2.350124633
-0.234044588,-0.236903209,-2.350124633
-0.234044588,-0.236903209,-2.350124633
-0.234044588,-0.236903209,-2.350124633
-0.234044588,-0.236903209,-2.350124633
-0.234044588,-0.236903209,-2.350124633
-0.234044588,-0.236903209,-2.350124633
-0.234044588,-0.236903209,-2.350124633
-0.443533039,-0.251552069,-2.625673935
-0.443533039,-0.251552069,-2.625673935
-0.443533039,-0.251552069,-2.625673935
-0.443533039,-0.251552069,-2.625673935
-0.443533039,-0.251552069,-2.625673935
-0.443533039,-0.251552069,-2.625673935
-0.443533039,-0.251552069,-2.625673935
-0.443533039,-0.251552069,-2.625673935
-0.443533039,-0.251552069,-2.625673935
-0.443533039,-0.251552069,-2.625673935
-0.443533039,-0.251552069,-2.625673935
-0.443533039,-0.251552069,-2.625673935
-0.443533039,-0.251552069,-2.625673935
-0.443533039,-0.251552069,-2.625673935
-0.443533039,-0.251552069,-2.625673935
-0.443533039,-0.251552069,-2.625673935
-0.371610861,-0.276596037,-2.50173902
-0.371610861,-0.276596037,-2.50173902
-0.371610861,-0.276596037,-2.50173902
-0.371610861,-0.276596037,-2.50173902
-0.371610861,-0.276596037,-2.50173902
-0.371610861,-0.276596037,-2.50173902
-0.371610861,-0.276596037,-2.50173902
-0.371610861,-0.276596037,-2.50173902
-0.371610861,-0.276596037,-2.50173902
-0.371610861,-0.276596037,-2.50173902
-0.371610861,-0.276596037,-2.50173902
-0.371610861,-0.276596037,-2.50173902
-0.371610861,-0.276596037,-2.50173902
-0.371610861,-0.276596037,-2.50173902
-0.371610861,-0.276596037,-2.50173902
-0.371610861,-0.276596037,-2.50173902
-0.371610861,-0.276596037,-2.50173902
-0.325708313,-0.072897839,-2.921408056
-0.325708313,-0.072897839,-2.921408056
-0.325708313,-0.072897839,-2.921408056
-0.325708313,-0.072897839,-2.921408056
-0.325708313,-0.072897839,-2.921408056
-0.325708313,-0.072897839,-2.921408056
-0.325708313,-0.072897839,-2.921408056
-0.325708313,-0.072897839,-2.921408056
-0.325708313,-0.072897839,-2.921408056
-0.325708313,-0.072897839,-2.921408056
-0.325708313,-0.072897839,-2.921408056
-0.325708313,-0.072897839,-2.921408056
-0.325708313,-0.072897839,-2.921408056
-0.325708313,-0.072897839,-2.921408056
-0.325708313,-0.072897839,-2.921408056
-0.325708313,-0.072897839,-2.921408056
-0.325708313,-0.072897839,-2.921408056
-0.425464718,-0.079873486,-2.956020266
-0.425464718,-0.079873486,-2.956020266
-0.425464718,-0.079873486,-2.956020266
-0.425464718,-0.079873486,-2.956020266
-0.425464718,-0.079873486,-2.956020266
-0.425464718,-0.079873486,-2.956020266
-0.425464718,-0.079873486,-2.956020266
-0.425464718,-0.079873486,-2.956020266
-0.425464718,-0.079873486,-2.956020266
-0.425464718,-0.079873486,-2.956020266
-0.425464718,-0.079873486,-2.956020266
-0.425464718,-0.079873486,-2.956020266
-0.425464718,-0.079873486,-2.956020266
-0.425464718,-0.079873486,-2.956020266
-0.425464718,-0.079873486,-2.956020266
-0.425464718,-0.079873486,-2.956020266
-0.379074339,-0.02650746,-3.071779484
-0.379074339,-0.02650746,-3.071779484
-0.379074339,-0.02650746,-3.071779484
-0.379074339,-0.02650746,-3.071779484
-0.379074339,-0.02650746,-3.071779484
-0.379074339,-0.02650746,-3.071779484
-0.379074339,-0.02650746,-3.071779484
-0.379074339,-0.02650746,-3.071779484
-0.379074339,-0.02650746,-3.071779484
-0.379074339,-0.02650746,-3.071779484
-0.379074339,-0.02650746,-3.071779484
-0.379074339,-0.02650746,-3.071779484
-0.379074339,-0.02650746,-3.071779484
-0.379074339,-0.02650746,-3.071779484
-0.379074339,-0.02650746,-3.071779484
-0.379074339,-0.02650746,-3.071779484
-0.379074339,-0.02650746,-3.071779484
-0.300386248,-0.291664365,-2.370925076
-0.300386248,-0.291664365,-2.370925076
-0.300386248,-0.291664365,-2.370925076
-0.300386248,-0.291664365,-2.370925076
-0.300386248,-0.291664365,-2.370925076
-0.300386248,-0.291664365,-2.370925076
-0.300386248,-0.291664365,-2.370925076
-0.300386248,-0.291664365,-2.370925076
-0.300386248,-0.291664365,-2.370925076
-0.300386248,-0.291664365,-2.370925076
-0.300386248,-0.291664365,-2.370925076
-0.300386248,-0.291664365,-2.370925076
-0.300386248,-0.291664365,-2.370925076
-0.300386248,-0.291664365,-2.370925076
-0.300386248,-0.291664365,-2.370925076
-0.300386248,-0.291664365,-2.370925076
-0.300386248,-0.291664365,-2.370925076
-0.300386248,-0.291664365,-2.370925076
-0.300386248,-0.291664365,-2.370925076
-0.300386248,-0.291664365,-2.370925076
-0.300386248,-0.291664365,-2.370925076
-0.300386248,-0.291664365,-2.370925076
-0.300386248,-0.291664365,-2.370925076
-0.300386248,-0.291664365,-2.370925076
-0.591486714,-0.112443173,-2.953731667
-0.591486714,-0.112443173,-2.953731667
-0.591486714,-0.112443173,-2.953731667
-0.591486714,-0.112443173,-2.953731667
-0.591486714,-0.112443173,-2.953731667
-0.591486714,-0.112443173,-2.953731667
-0.591486714,-0.112443173,-2.953731667
-0.591486714,-0.112443173,-2.953731667
-0.591486714,-0.112443173,-2.953731667
-0.591486714,-0.112443173,-2.953731667
-0.591486714,-0.112443173,-2.953731667
-0.591486714,-0.112443173,-2.953731667
-0.591486714,-0.112443173,-2.953731667
-0.591486714,-0.112443173,-2.953731667
-0.591486714,-0.112443173,-2.953731667
-0.591486714,-0.112443173,-2.953731667
-0.591486714,-0.112443173,-2.953731667
-0.591486714,-0.112443173,-2.953731667
-0.591486714,-0.112443173,-2.953731667
-0.591486714,-0.112443173,-2.953731667
-0.591486714,-0.112443173,-2.953731667
-0.36846077,-0.035166196,3.236745252
-0.36846077,-0.035166196,3.236745252
-0.36846077,-0.035166196,3.236745252
-0.36846077,-0.035166196,3.236745252
-0.36846077,-0.035166196,3.236745252
-0.36846077,-0.035166196,3.236745252
-0.36846077,-0.035166196,3.236745252
-0.36846077,-0.035166196,3.236745252
-0.36846077,-0.035166196,3.236745252
-0.36846077,-0.035166196,3.236745252
-0.36846077,-0.035166196,3.236745252
-0.36846077,-0.035166196,3.236745252
-0.36846077,-0.035166196,3.236745252
-0.36846077,-0.035166196,3.236745252
-0.36846077,-0.035166196,3.236745252
-0.36846077,-0.035166196,3.236745252
-0.36846077,-0.035166196,3.236745252
-0.32261327,-0.075635165,-2.911306426
-0.32261327,-0.075635165,-2.911306426
-0.32261327,-0.075635165,-2.911306426
-0.32261327,-0.075635165,-2.911306426
-0.32261327,-0.075635165,-2.911306426
-0.32261327,-0.075635165,-2.911306426
-0.32261327,-0.075635165,-2.911306426
-0.32261327,-0.075635165,-2.911306426
-0.32261327,-0.075635165,-2.911306426
-0.32261327,-0.075635165,-2.911306426
-0.32261327,-0.075635165,-2.911306426
-0.32261327,-0.075635165,-2.911306426
-0.32261327,-0.075635165,-2.911306426
-0.32261327,-0.075635165,-2.911306426
-0.32261327,-0.075635165,-2.911306426
-0.32261327,-0.075635165,-2.911306426
-0.397130496,-0.113522548,-2.86316102
-0.397130496,-0.113522548,-2.86316102
-0.397130496,-0.113522548,-2.86316102
-0.397130496,-0.113522548,-2.86316102
-0.397130496,-0.113522548,-2.86316102
-0.397130496,-0.113522548,-2.86316102
-0.397130496,-0.113522548,-2.86316102
-0.397130496,-0.113522548,-2.86316102
-0.397130496,-0.113522548,-2.86316102
-0.397130496,-0.113522548,-2.86316102
-0.397130496,-0.113522548,-2.86316102
-0.397130496,-0.113522548,-2.86316102
-0.397130496,-0.113522548,-2.86316102
-0.397130496,-0.113522548,-2.86316102
-0.397130496,-0.113522548,-2.86316102
-0.397130496,-0.113522548,-2.86316102
-0.397130496,-0.113522548,-2.86316102
-0.47350769,-0.206616717,-2.730144962
-0.47350769,-0.206616717,-2.730144962
-0.47350769,-0.206616717,-2.730144962
-0.47350769,-0.206616717,-2.730144962
-0.47350769,-0.206616717,-2.730144962
-0.47350769,-0.206616717,-2.730144962
-0.47350769,-0.206616717,-2.730144962
-0.47350769,-0.206616717,-2.730144962
-0.47350769,-0.206616717,-2.730144962
-0.47350769,-0.206616717,-2.730144962
-0.47350769,-0.206616717,-2.730144962
-0.47350769,-0.206616717,-2.730144962
-0.47350769,-0.206616717,-2.730144962
-0.47350769,-0.206616717,-2.730144962
-0.47350769,-0.206616717,-2.730144962
-0.47350769,-0.206616717,-2.730144962
-0.47350769,-0.206616717,-2.730144962
-0.189807843,0.111682509,2.609747898
-0.189807843,0.111682509,2.609747898
-0.189807843,0.111682509,2.609747898
-0.189807843,0.111682509,2.609747898
-0.189807843,0.111682509,2.609747898
-0.189807843,0.111682509,2.609747898
-0.189807843,0.111682509,2.609747898
-0.189807843,0.111682509,2.609747898
-0.189807843,0.111682509,2.609747898
-0.189807843,0.111682509,2.609747898
-0.189807843,0.111682509,2.609747898
-0.189807843,0.111682509,2.609747898
-0.189807843,0.111682509,2.609747898
-0.189807843,0.111682509,2.609747898
-0.189807843,0.111682509,2.609747898
-0.189807843,0.111682509,2.609747898
-0.525991886,-0.011512432,3.16347625
-0.525991886,-0.011512432,3.16347625
-0.525991886,-0.011512432,3.16347625
-0.525991886,-0.011512432,3.16347625
-0.525991886,-0.011512432,3.16347625
-0.525991886,-0.011512432,3.16347625
-0.525991886,-0.011512432,3.16347625
-0.525991886,-0.011512432,3.16347625
-0.525991886,-0.011512432,3.16347625
-0.525991886,-0.011512432,3.16347625
-0.525991886,-0.011512432,3.16347625
-0.525991886,-0.011512432,3.16347625
-0.525991886,-0.011512432,3.16347625
-0.525991886,-0.011512432,3.16347625
-0.525991886,-0.011512432,3.16347625
-0.525991886,-0.011512432,3.16347625
-0.525991886,-0.011512432,3.16347625
-0.525991886,-0.011512432,3.16347625
-0.451548504,-0.087772138,-2.949606436
-0.451548504,-0.087772138,-2.949606436
-0.451548504,-0.087772138,-2.949606436
-0.451548504,-0.087772138,-2.949606436
-0.451548504,-0.087772138,-2.949606436
-0.451548504,-0.087772138,-2.949606436
-0.451548504,-0.087772138,-2.949606436
-0.451548504,-0.087772138,-2.949606436
-0.451548504,-0.087772138,-2.949606436
-0.451548504,-0.087772138,-2.949606436
-0.451548504,-0.087772138,-2.949606436
-0.451548504,-0.087772138,-2.949606436
-0.451548504,-0.087772138,-2.949606436
-0.451548504,-0.087772138,-2.949606436
-0.451548504,-0.087772138,-2.949606436
-0.451548504,-0.087772138,-2.949606436
-0.396645491,0.03837127,3.045153292
-0.396645491,0.03837127,3.045153292
-0.396645491,0.03837127,3.045153292
-0.396645491,0.03837127,3.045153292
-0.396645491,0.03837127,3.045153292
-0.396645491,0.03837127,3.045153292
-0.396645491,0.03837127,3.045153292
-0.396645491,0.03837127,3.045153292
-0.396645491,0.03837127,3.045153292
-0.396645491,0.03837127,3.045153292
-0.396645491,0.03837127,3.045153292
-0.396645491,0.03837127,3.045153292
-0.396645491,0.03837127,3.045153292
-0.396645491,0.03837127,3.045153292
-0.396645491,0.03837127,3.045153292
-0.396645491,0.03837127,3.045153292
-0.396645491,0.03837127,3.045153292
-0.396645491,0.03837127,3.045153292
-0.431690313,0.036653424,3.056889054
-0.431690313,0.036653424,3.056889054
-0.431690313,0.036653424,3.056889054
-0.431690313,0.036653424,3.056889054
-0.431690313,0.036653424,3.056889054
-0.431690313,0.036653424,3.056889054
-0.431690313,0.036653424,3.056889054
-0.431690313,0.036653424,3.056889054
-0.431690313,0.036653424,3.056889054
-0.431690313,0.036653424,3.056889054
-0.431690313,0.036653424,3.056889054
-0.431690313,0.036653424,3.056889054
-0.431690313,0.036653424,3.056889054
-0.431690313,0.036653424,3.056889054
-0.431690313,0.036653424,3.056889054
-0.431690313,0.036653424,3.056889054
-0.431690313,0.036653424,3.056889054
-0.267549185,0.187129457,2.531255539
-0.267549185,0.187129457,2.531255539
-0.267549185,0.187129457,2.531255539
-0.267549185,0.187129457,2.531255539
-0.267549185,0.187129457,2.531255539
-0.267549185,0.187129457,2.531255539
-0.267549185,0.187129457,2.531255539
-0.267549185,0.187129457,2.531255539
-0.267549185,0.187129457,2.531255539
-0.267549185,0.187129457,2.531255539
-0.267549185,0.187129457,2.531255539
-0.267549185,0.187129457,2.531255539
-0.267549185,0.187129457,2.531255539
-0.267549185,0.187129457,2.531255539
-0.267549185,0.187129457,2.531255539
-0.267549185,0.187129457,2.531255539
-0.267549185,0.187129457,2.531255539
-0.388673929,-0.059435484,3.293335776
-0.388673929,-0.059435484,3.293335776
-0.388673929,-0.059435484,3.293335776
-0.388673929,-0.059435484,3.293335776
-0.388673929,-0.059435484,3.293335776
-0.388673929,-0.059435484,3.293335776
-0.388673929,-0.059435484,3.293335776
-0.388673929,-0.059435484,3.293335776
-0.388673929,-0.059435484,3.293335776
-0.388673929,-0.059435484,3.293335776
-0.388673929,-0.059435484,3.293335776
-0.388673929,-0.059435484,3.293335776
-0.388673929,-0.059435484,3.293335776
-0.388673929,-0.059435484,3.293335776
-0.388673929,-0.059435484,3.293335776
-0.388673929,-0.059435484,3.293335776
-0.388673929,-0.059435484,3.293335776
-0.417362638,0.133822375,2.831310962
-0.417362638,0.133822375,2.831310962
-0.417362638,0.133822375,2.831310962
-0.417362638,0.133822375,2.831310962
-0.417362638,0.133822375,2.831310962
-0.417362638,0.133822375,2.831310962
-0.417362638,0.133822375,2.831310962
-0.417362638,0.133822375,2.831310962
-0.417362638,0.133822375,2.831310962
-0.417362638,0.133822375,2.831310962
-0.417362638,0.133822375,2.831310962
-0.417362638,0.133822375,2.831310962
-0.417362638,0.133822375,2.831310962
-0.417362638,0.133822375,2.831310962
-0.417362638,0.133822375,2.831310962
-0.417362638,0.133822375,2.831310962
-0.417362638,0.133822375,2.831310962
-0.189677158,0.004751379,3.116548072
-0.189677158,0.004751379,3.116548072
-0.189677158,0.004751379,3.116548072
-0.189677158,0.004751379,3.116548072
-0.189677158,0.004751379,3.116548072
-0.189677158,0.004751379,3.116548072
-0.189677158,0.004751379,3.116548072
-0.189677158,0.004751379,3.116548072
-0.189677158,0.004751379,3.116548072
-0.189677158,0.004751379,3.116548072
-0.189677158,0.004751379,3.116548072
-0.189677158,0.004751379,3.116548072
-0.189677158,0.004751379,3.116548072
-0.189677158,0.004751379,3.116548072
-0.189677158,0.004751379,3.116548072
-0.189677158,0.004751379,3.116548072
-0.189677158,0.004751379,3.116548072
-0.302301908,-0.071509133,3.373871787
-0.302301908,-0.071509133,3.373871787
-0.302301908,-0.071509133,3.373871787
-0.302301908,-0.071509133,3.373871787
-0.302301908,-0.071509133,3.373871787
-0.302301908,-0.071509133,3.373871787
-0.302301908,-0.071509133,3.373871787
-0.302301908,-0.071509133,3.373871787
-0.302301908,-0.071509133,3.373871787
-0.302301908,-0.071509133,3.373871787
-0.302301908,-0.071509133,3.373871787
-0.302301908,-0.071509133,3.373871787
-0.302301908,-0.071509133,3.373871787
-0.302301908,-0.071509133,3.373871787
-0.302301908,-0.071509133,3.373871787
-0.302301908,-0.071509133,3.373871787
-0.357831196,-0.063693292,3.317745895
-0.357831196,-0.063693292,3.317745895
-0.357831196,-0.063693292,3.317745895
-0.357831196,-0.063693292,3.317745895
-0.357831196,-0.063693292,3.317745895
-0.357831196,-0.063693292,3.317745895
-0.357831196,-0.063693292,3.317745895
-0.357831196,-0.063693292,3.317745895
-0.357831196,-0.063693292,3.317745895
-0.357831196,-0.063693292,3.317745895
-0.357831196,-0.063693292,3.317745895
-0.357831196,-0.063693292,3.317745895
-0.357831196,-0.063693292,3.317745895
-0.357831196,-0.063693292,3.317745895
-0.357831196,-0.063693292,3.317745895
-0.357831196,-0.063693292,3.317745895
-0.360441255,0.009061004,3.116459304
-0.360441255,0.009061004,3.116459304
-0.360441255,0.009061004,3.116459304
-0.360441255,0.009061004,3.116459304
-0.360441255,0.009061004,3.116459304
-0.360441255,0.009061004,3.116459304
-0.360441255,0.009061004,3.116459304
-0.360441255,0.009061004,3.116459304
-0.360441255,0.009061004,3.116459304
-0.360441255,0.009061004,3.116459304
-0.360441255,0.009061004,3.116459304
-0.360441255,0.009061004,3.116459304
-0.360441255,0.009061004,3.116459304
-0.360441255,0.009061004,3.116459304
-0.360441255,0.009061004,3.116459304
-0.360441255,0.009061004,3.116459304
-0.360441255,0.009061004,3.116459304
-0.303377864,0.027602024,3.050860133
-0.303377864,0.027602024,3.050860133
-0.303377864,0.027602024,3.050860133
-0.303377864,0.027602024,3.050860133
-0.303377864,0.027602024,3.050860133
-0.303377864,0.027602024,3.050860133
-0.303377864,0.027602024,3.050860133
-0.303377864,0.027602024,3.050860133
-0.303377864,0.027602024,3.050860133
-0.303377864,0.027602024,3.050860133
-0.303377864,0.027602024,3.050860133
-0.303377864,0.027602024,3.050860133
-0.303377864,0.027602024,3.050860133
-0.303377864,0.027602024,3.050860133
-0.303377864,0.027602024,3.050860133
-0.303377864,0.027602024,3.050860133
-0.303377864,0.027602024,3.050860133
-0.372631644,-0.054273917,3.286225942
-0.372631644,-0.054273917,3.286225942
-0.372631644,-0.054273917,3.286225942
-0.372631644,-0.054273917,3.286225942
-0.372631644,-0.054273917,3.286225942
-0.372631644,-0.054273917,3.286225942
-0.372631644,-0.054273917,3.286225942
-0.372631644,-0.054273917,3.286225942
-0.372631644,-0.054273917,3.286225942
-0.372631644,-0.054273917,3.286225942
-0.372631644,-0.054273917,3.286225942
-0.372631644,-0.054273917,3.286225942
-0.372631644,-0.054273917,3.286225942
-0.372631644,-0.054273917,3.286225942
-0.372631644,-0.054273917,3.286225942
-0.372631644,-0.054273917,3.286225942
-0.372631644,-0.054273917,3.286225942
-0.358810552,-0.066745694,3.325509827
-0.358810552,-0.066745694,3.325509827
-0.358810552,-0.066745694,3.325509827
-0.358810552,-0.066745694,3.325509827
-0.358810552,-0.066745694,3.325509827
-0.358810552,-0.066745694,3.325509827
-0.358810552,-0.066745694,3.325509827
-0.358810552,-0.066745694,3.325509827
-0.358810552,-0.066745694,3.325509827
-0.358810552,-0.066745694,3.325509827
-0.358810552,-0.066745694,3.325509827
-0.358810552,-0.066745694,3.325509827
-0.358810552,-0.066745694,3.325509827
-0.358810552,-0.066745694,3.325509827
-0.358810552,-0.066745694,3.325509827
-0.358810552,-0.066745694,3.325509827
-0.358810552,-0.066745694,3.325509827
-0.358810552,-0.066745694,3.325509827
-0.296577291,-0.092422456,3.443684957
-0.296577291,-0.092422456,3.443684957
-0.296577291,-0.092422456,3.443684957
-0.296577291,-0.092422456,3.443684957
-0.296577291,-0.092422456,3.443684957
-0.296577291,-0.092422456,3.443684957
-0.296577291,-0.092422456,3.443684957
-0.296577291,-0.092422456,3.443684957
-0.296577291,-0.092422456,3.443684957
-0.296577291,-0.092422456,3.443684957
-0.296577291,-0.092422456,3.443684957
-0.296577291,-0.092422456,3.443684957
-0.296577291,-0.092422456,3.443684957
-0.296577291,-0.092422456,3.443684957
-0.296577291,-0.092422456,3.443684957
-0.296577291,-0.092422456,3.443684957
-0.296577291,-0.092422456,3.443684957
-0.356262583,-0.079227342,3.360416412
-0.356262583,-0.079227342,3.360416412
-0.356262583,-0.079227342,3.360416412
-0.356262583,-0.079227342,3.360416412
-0.356262583,-0.079227342,3.360416412
-0.356262583,-0.079227342,3.360416412
-0.356262583,-0.079227342,3.360416412
-0.356262583,-0.079227342,3.360416412
-0.356262583,-0.079227342,3.360416412
-0.356262583,-0.079227342,3.360416412
-0.356262583,-0.079227342,3.360416412
-0.356262583,-0.079227342,3.360416412
-0.356262583,-0.079227342,3.360416412
-0.356262583,-0.079227342,3.360416412
-0.356262583,-0.079227342,3.360416412
-0.356262583,-0.079227342,3.360416412
-0.356262583,-0.079227342,3.360416412
-0.356262583,-0.079227342,3.360416412
-0.356262583,-0.079227342,3.360416412
-0.169598185,-0.061126555,3.487519876
-0.169598185,-0.061126555,3.487519876
-0.169598185,-0.061126555,3.487519876
-0.169598185,-0.061126555,3.487519876
-0.169598185,-0.061126555,3.487519876
-0.169598185,-0.061126555,3.487519876
-0.169598185,-0.061126555,3.487519876
-0.169598185,-0.061126555,3.487519876
-0.169598185,-0.061126555,3.487519876
-0.169598185,-0.061126555,3.487519876
-0.169598185,-0.061126555,3.487519876
-0.169598185,-0.061126555,3.487519876
-0.169598185,-0.061126555,3.487519876
-0.169598185,-0.061126555,3.487519876
-0.169598185,-0.061126555,3.487519876
-0.169598185,-0.061126555,3.487519876
-0.169598185,-0.061126555,3.487519876
-0.278404375,-0.009539608,3.175844548
-0.278404375,-0.009539608,3.175844548
-0.278404375,-0.009539608,3.175844548
-0.278404375,-0.009539608,3.175844548
-0.278404375,-0.009539608,3.175844548
-0.278404375,-0.009539608,3.175844548
-0.278404375,-0.009539608,3.175844548
-0.278404375,-0.009539608,3.175844548
-0.278404375,-0.009539608,3.175844548
-0.278404375,-0.009539608,3.175844548
-0.278404375,-0.009539608,3.175844548
-0.278404375,-0.009539608,3.175844548
-0.278404375,-0.009539608,3.175844548
-0.278404375,-0.009539608,3.175844548
-0.278404375,-0.009539608,3.175844548
-0.278404375,-0.009539608,3.175844548
-0.278404375,-0.009539608,3.175844548
-0.136685302,-0.036292261,3.401121327
-0.136685302,-0.036292261,3.401121327
-0.136685302,-0.036292261,3.401121327
-0.136685302,-0.036292261,3.401121327
-0.136685302,-0.036292261,3.401121327
-0.136685302,-0.036292261,3.401121327
-0.136685302,-0.036292261,3.401121327
-0.136685302,-0.036292261,3.401121327
-0.136685302,-0.036292261,3.401121327
-0.136685302,-0.036292261,3.401121327
-0.136685302,-0.036292261,3.401121327
-0.136685302,-0.036292261,3.401121327
-0.136685302,-0.036292261,3.401121327
-0.136685302,-0.036292261,3.401121327
-0.136685302,-0.036292261,3.401121327
-0.136685302,-0.036292261,3.401121327
-0.136685302,-0.036292261,3.401121327
-0.338932403,-0.046095836,3.276766332
-0.338932403,-0.046095836,3.276766332
-0.338932403,-0.046095836,3.276766332
-0.338932403,-0.046095836,3.276766332
-0.338932403,-0.046095836,3.276766332
-0.338932403,-0.046095836,3.276766332
-0.338932403,-0.046095836,3.276766332
-0.338932403,-0.046095836,3.276766332
-0.338932403,-0.046095836,3.276766332
-0.338932403,-0.046095836,3.276766332
-0.338932403,-0.046095836,3.276766332
-0.338932403,-0.046095836,3.276766332
-0.338932403,-0.046095836,3.276766332
-0.338932403,-0.046095836,3.276766332
-0.338932403,-0.046095836,3.276766332
-0.338932403,-0.046095836,3.276766332
