ax_1,ay_1,yaw_1
-0.088475221,-0.013120033,3.288810283
-0.088475221,-0.013120033,3.288810283
-0.088475221,-0.013120033,3.288810283
-0.088475221,-0.013120033,3.288810283
-0.088475221,-0.013120033,3.288810283
-0.088475221,-0.013120033,3.288810283
-0.088475221,-0.013120033,3.288810283
-0.088475221,-0.013120033,3.288810283
-0.088475221,-0.013120033,3.288810283
-0.088475221,-0.013120033,3.288810283
-0.088475221,-0.013120033,3.288810283
-0.394875487,0.040906601,3.038367193
-0.394875487,0.040906601,3.038367193
-0.394875487,0.040906601,3.038367193
-0.394875487,0.040906601,3.038367193
-0.394875487,0.040906601,3.038367193
-0.394875487,0.040906601,3.038367193
-0.394875487,0.040906601,3.038367193
-0.394875487,0.040906601,3.038367193
-0.394875487,0.040906601,3.038367193
-0.394875487,0.040906601,3.038367193
-0.394875487,0.040906601,3.038367193
-0.394875487,0.040906601,3.038367193
-0.394875487,0.040906601,3.038367193
-0.394875487,0.040906601,3.038367193
-0.394875487,0.040906601,3.038367193
-0.394875487,0.040906601,3.038367193
-0.394875487,0.040906601,3.038367193
-0.394875487,0.040906601,3.038367193
-0.394875487,0.040906601,3.038367193
-0.135975839,-0.119626799,3.863115113
-0.135975839,-0.119626799,3.863115113
-0.135975839,-0.119626799,3.863115113
-0.135975839,-0.119626799,3.863115113
-0.135975839,-0.119626799,3.863115113
-0.135975839,-0.119626799,3.863115113
-0.135975839,-0.119626799,3.863115113
-0.135975839,-0.119626799,3.863115113
-0.135975839,-0.119626799,3.863115113
-0.135975839,-0.119626799,3.863115113
-0.135975839,-0.119626799,3.863115113
-0.135975839,-0.119626799,3.863115113
-0.135975839,-0.119626799,3.863115113
-0.135975839,-0.119626799,3.863115113
0.080300701,-0.114681286,-0.959931089
0.080300701,-0.114681286,-0.959931089
0.080300701,-0.114681286,-0.959931089
0.080300701,-0.114681286,-0.959931089
0.080300701,-0.114681286,-0.959931089
0.080300701,-0.114681286,-0.959931089
0.080300701,-0.114681286,-0.959931089
0.080300701,-0.114681286,-0.959931089
0.080300701,-0.114681286,-0.959931089
0.080300701,-0.114681286,-0.959931089
0.080300701,-0.114681286,-0.959931089
0.080300701,-0.114681286,-0.959931089
0.080300701,-0.114681286,-0.959931089
0.080300701,-0.114681286,-0.959931089
0.080300701,-0.114681286,-0.959931089
-0.690628476,0.114596284,2.977160395
-0.690628476,0.114596284,2.977160395
-0.690628476,0.114596284,2.977160395
-0.690628476,0.114596284,2.977160395
-0.690628476,0.114596284,2.977160395
-0.690628476,0.114596284,2.977160395
-0.690628476,0.114596284,2.977160395
-0.690628476,0.114596284,2.977160395
-0.690628476,0.114596284,2.977160395
-0.690628476,0.114596284,2.977160395
-0.690628476,0.114596284,2.977160395
-0.690628476,0.114596284,2.977160395
-0.690628476,0.114596284,2.977160395
-0.099980751,0.247394118,1.954862717
-0.099980751,0.247394118,1.954862717
-0.099980751,0.247394118,1.954862717
-0.099980751,0.247394118,1.954862717
-0.099980751,0.247394118,1.954862717
-0.099980751,0.247394118,1.954862717
-0.099980751,0.247394118,1.954862717
-0.099980751,0.247394118,1.954862717
-0.099980751,0.247394118,1.954862717
-0.099980751,0.247394118,1.954862717
-0.099980751,0.247394118,1.954862717
-0.334220834,-0.185192964,3.647580953
-0.334220834,-0.185192964,3.647580953
-0.334220834,-0.185192964,3.647580953
-0.334220834,-0.185192964,3.647580953
-0.334220834,-0.185192964,3.647580953
-0.334220834,-0.185192964,3.647580953
-0.334220834,-0.185192964,3.647580953
-0.334220834,-0.185192964,3.647580953
-0.334220834,-0.185192964,3.647580953
-0.334220834,-0.185192964,3.647580953
-0.334220834,-0.185192964,3.647580953
-0.091687227,-0.479263448,4.523364316
-0.091687227,-0.479263448,4.523364316
-0.091687227,-0.479263448,4.523364316
-0.091687227,-0.479263448,4.523364316
-0.091687227,-0.479263448,4.523364316
-0.091687227,-0.479263448,4.523364316
-0.091687227,-0.479263448,4.523364316
-0.091687227,-0.479263448,4.523364316
-0.091687227,-0.479263448,4.523364316
-0.091687227,-0.479263448,4.523364316
-0.091687227,-0.479263448,4.523364316
-0.661966655,0.195704236,2.854140068
-0.661966655,0.195704236,2.854140068
-0.661966655,0.195704236,2.854140068
-0.661966655,0.195704236,2.854140068
-0.661966655,0.195704236,2.854140068
-0.661966655,0.195704236,2.854140068
-0.661966655,0.195704236,2.854140068
-0.661966655,0.195704236,2.854140068
-0.661966655,0.195704236,2.854140068
-0.661966655,0.195704236,2.854140068
-0.661966655,0.195704236,2.854140068
-0.661966655,0.195704236,2.854140068
-0.661966655,0.195704236,2.854140068
-0.253937134,-0.177808695,3.752457892
-0.253937134,-0.177808695,3.752457892
-0.253937134,-0.177808695,3.752457892
-0.253937134,-0.177808695,3.752457892
-0.253937134,-0.177808695,3.752457892
-0.253937134,-0.177808695,3.752457892
-0.253937134,-0.177808695,3.752457892
-0.253937134,-0.177808695,3.752457892
-0.253937134,-0.177808695,3.752457892
-0.253937134,-0.177808695,3.752457892
-0.253937134,-0.177808695,3.752457892
-0.253937134,-0.177808695,3.752457892
-0.253937134,-0.177808695,3.752457892
-0.253937134,-0.177808695,3.752457892
-0.081881203,-0.301488754,4.447196168
-0.081881203,-0.301488754,4.447196168
-0.081881203,-0.301488754,4.447196168
-0.081881203,-0.301488754,4.447196168
-0.081881203,-0.301488754,4.447196168
-0.081881203,-0.301488754,4.447196168
-0.081881203,-0.301488754,4.447196168
-0.081881203,-0.301488754,4.447196168
-0.081881203,-0.301488754,4.447196168
-0.081881203,-0.301488754,4.447196168
-0.081881203,-0.301488754,4.447196168
0.834073587,-0.68558096,-0.687992667
0.834073587,-0.68558096,-0.687992667
0.834073587,-0.68558096,-0.687992667
0.834073587,-0.68558096,-0.687992667
0.834073587,-0.68558096,-0.687992667
0.834073587,-0.68558096,-0.687992667
0.834073587,-0.68558096,-0.687992667
0.834073587,-0.68558096,-0.687992667
0.834073587,-0.68558096,-0.687992667
0.834073587,-0.68558096,-0.687992667
0.834073587,-0.68558096,-0.687992667
0.834073587,-0.68558096,-0.687992667
0.156619664,0.039626768,0.247812154
0.156619664,0.039626768,0.247812154
0.156619664,0.039626768,0.247812154
0.156619664,0.039626768,0.247812154
0.156619664,0.039626768,0.247812154
0.156619664,0.039626768,0.247812154
0.156619664,0.039626768,0.247812154
0.156619664,0.039626768,0.247812154
-0.125712202,0.019910857,2.984513021
-0.125712202,0.019910857,2.984513021
-0.125712202,0.019910857,2.984513021
-0.125712202,0.019910857,2.984513021
-0.125712202,0.019910857,2.984513021
-0.125712202,0.019910857,2.984513021
-0.125712202,0.019910857,2.984513021
-0.125712202,0.019910857,2.984513021
0.149166765,-0.513662609,4.995013794
0.149166765,-0.513662609,4.995013794
0.149166765,-0.513662609,4.995013794
0.149166765,-0.513662609,4.995013794
0.149166765,-0.513662609,4.995013794
0.149166765,-0.513662609,4.995013794
0.149166765,-0.513662609,4.995013794
0.149166765,-0.513662609,4.995013794
0.149166765,-0.513662609,4.995013794
-0.426039775,0.01703263,3.101634966
-0.426039775,0.01703263,3.101634966
-0.426039775,0.01703263,3.101634966
-0.426039775,0.01703263,3.101634966
-0.426039775,0.01703263,3.101634966
-0.426039775,0.01703263,3.101634966
-0.426039775,0.01703263,3.101634966
-0.426039775,0.01703263,3.101634966
-0.426039775,0.01703263,3.101634966
-0.023618458,-0.168054064,4.57276264
-0.023618458,-0.168054064,4.57276264
-0.023618458,-0.168054064,4.57276264
-0.023618458,-0.168054064,4.57276264
-0.023618458,-0.168054064,4.57276264
-0.023618458,-0.168054064,4.57276264
-0.023618458,-0.168054064,4.57276264
0.042808265,-0.355903712,4.832094385
0.042808265,-0.355903712,4.832094385
0.042808265,-0.355903712,4.832094385
0.042808265,-0.355903712,4.832094385
0.042808265,-0.355903712,4.832094385
0.042808265,-0.355903712,4.832094385
0.042808265,-0.355903712,4.832094385
0.042808265,-0.355903712,4.832094385
0.042808265,-0.355903712,4.832094385
-0.375585761,-0.182853319,3.594663718
-0.375585761,-0.182853319,3.594663718
-0.375585761,-0.182853319,3.594663718
-0.375585761,-0.182853319,3.594663718
-0.375585761,-0.182853319,3.594663718
-0.375585761,-0.182853319,3.594663718
-0.375585761,-0.182853319,3.594663718
-0.375585761,-0.182853319,3.594663718
-0.375585761,-0.182853319,3.594663718
-0.375585761,-0.182853319,3.594663718
-0.375585761,-0.182853319,3.594663718
-0.375585761,-0.182853319,3.594663718
-0.375585761,-0.182853319,3.594663718
-0.375585761,-0.182853319,3.594663718
-0.375585761,-0.182853319,3.594663718
-0.375585761,-0.182853319,3.594663718
-0.375585761,-0.182853319,3.594663718
0.038190642,-0.083913496,5.139491858
0.038190642,-0.083913496,5.139491858
0.038190642,-0.083913496,5.139491858
0.038190642,-0.083913496,5.139491858
0.038190642,-0.083913496,5.139491858
0.038190642,-0.083913496,5.139491858
0.038190642,-0.083913496,5.139491858
0.518280233,-0.122823451,-0.232690069
0.518280233,-0.122823451,-0.232690069
0.518280233,-0.122823451,-0.232690069
0.518280233,-0.122823451,-0.232690069
0.518280233,-0.122823451,-0.232690069
0.518280233,-0.122823451,-0.232690069
0.518280233,-0.122823451,-0.232690069
0.518280233,-0.122823451,-0.232690069
0.518280233,-0.122823451,-0.232690069
-0.009841024,-0.070022527,4.57276264
-0.009841024,-0.070022527,4.57276264
-0.009841024,-0.070022527,4.57276264
-0.009841024,-0.070022527,4.57276264
-0.009841024,-0.070022527,4.57276264
-0.009841024,-0.070022527,4.57276264
-0.009841024,-0.070022527,4.57276264
-0.143413785,-0.258326317,4.205588806
-0.143413785,-0.258326317,4.205588806
-0.143413785,-0.258326317,4.205588806
-0.143413785,-0.258326317,4.205588806
-0.143413785,-0.258326317,4.205588806
-0.143413785,-0.258326317,4.205588806
-0.143413785,-0.258326317,4.205588806
-0.143413785,-0.258326317,4.205588806
-0.165404645,-0.262376263,4.149908714
-0.165404645,-0.262376263,4.149908714
-0.165404645,-0.262376263,4.149908714
-0.165404645,-0.262376263,4.149908714
-0.165404645,-0.262376263,4.149908714
-0.165404645,-0.262376263,4.149908714
-0.165404645,-0.262376263,4.149908714
-0.165404645,-0.262376263,4.149908714
0.306017377,-0.007305141,-0.023867122
0.306017377,-0.007305141,-0.023867122
0.306017377,-0.007305141,-0.023867122
0.306017377,-0.007305141,-0.023867122
0.306017377,-0.007305141,-0.023867122
0.306017377,-0.007305141,-0.023867122
0.306017377,-0.007305141,-0.023867122
-0.276494304,0.217372721,2.475339042
-0.276494304,0.217372721,2.475339042
-0.276494304,0.217372721,2.475339042
-0.276494304,0.217372721,2.475339042
-0.276494304,0.217372721,2.475339042
-0.276494304,0.217372721,2.475339042
-0.276494304,0.217372721,2.475339042
-0.120363005,0.159727102,2.21656815
-0.120363005,0.159727102,2.21656815
-0.120363005,0.159727102,2.21656815
-0.120363005,0.159727102,2.21656815
-0.120363005,0.159727102,2.21656815
-0.120363005,0.159727102,2.21656815
-0.120363005,0.159727102,2.21656815
-0.120363005,0.159727102,2.21656815
-0.521876036,-0.055185173,3.246944977
-0.521876036,-0.055185173,3.246944977
-0.521876036,-0.055185173,3.246944977
-0.521876036,-0.055185173,3.246944977
-0.521876036,-0.055185173,3.246944977
-0.521876036,-0.055185173,3.246944977
-0.521876036,-0.055185173,3.246944977
0.104617366,-0.271763145,5.079861145
0.104617366,-0.271763145,5.079861145
0.104617366,-0.271763145,5.079861145
0.104617366,-0.271763145,5.079861145
0.104617366,-0.271763145,5.079861145
0.104617366,-0.271763145,5.079861145
0.104617366,-0.271763145,5.079861145
0.542920512,-0.404768227,-0.640639727
0.542920512,-0.404768227,-0.640639727
0.542920512,-0.404768227,-0.640639727
0.542920512,-0.404768227,-0.640639727
0.542920512,-0.404768227,-0.640639727
0.542920512,-0.404768227,-0.640639727
0.542920512,-0.404768227,-0.640639727
0.542920512,-0.404768227,-0.640639727
0.542920512,-0.404768227,-0.640639727
0.212262856,-0.11551831,-0.49839701
0.212262856,-0.11551831,-0.49839701
0.212262856,-0.11551831,-0.49839701
0.212262856,-0.11551831,-0.49839701
0.212262856,-0.11551831,-0.49839701
0.212262856,-0.11551831,-0.49839701
0.212262856,-0.11551831,-0.49839701
0.212262856,-0.11551831,-0.49839701
0.110067838,-0.029750144,-0.263981335
0.110067838,-0.029750144,-0.263981335
0.110067838,-0.029750144,-0.263981335
0.110067838,-0.029750144,-0.263981335
0.110067838,-0.029750144,-0.263981335
0.110067838,-0.029750144,-0.263981335
0.110067838,-0.029750144,-0.263981335
0.110067838,-0.029750144,-0.263981335
0.106244964,-0.107759026,-0.792472971
0.106244964,-0.107759026,-0.792472971
0.106244964,-0.107759026,-0.792472971
0.106244964,-0.107759026,-0.792472971
0.106244964,-0.107759026,-0.792472971
0.106244964,-0.107759026,-0.792472971
0.106244964,-0.107759026,-0.792472971
0.106244964,-0.107759026,-0.792472971
0.121169006,-0.463700412,4.967982591
0.121169006,-0.463700412,4.967982591
0.121169006,-0.463700412,4.967982591
0.121169006,-0.463700412,4.967982591
0.121169006,-0.463700412,4.967982591
0.121169006,-0.463700412,4.967982591
0.121169006,-0.463700412,4.967982591
0.121169006,-0.463700412,4.967982591
-0.188882785,0.144302785,2.489203833
-0.188882785,0.144302785,2.489203833
-0.188882785,0.144302785,2.489203833
-0.188882785,0.144302785,2.489203833
-0.188882785,0.144302785,2.489203833
-0.188882785,0.144302785,2.489203833
-0.188882785,0.144302785,2.489203833
-0.188882785,0.144302785,2.489203833
0.182502913,-0.225372329,-0.890117919
0.182502913,-0.225372329,-0.890117919
0.182502913,-0.225372329,-0.890117919
0.182502913,-0.225372329,-0.890117919
0.182502913,-0.225372329,-0.890117919
0.182502913,-0.225372329,-0.890117919
0.182502913,-0.225372329,-0.890117919
0.182502913,-0.225372329,-0.890117919
0.182502913,-0.225372329,-0.890117919
0.182502913,-0.225372329,-0.890117919
0.182502913,-0.225372329,-0.890117919
0.182502913,-0.225372329,-0.890117919
0.182502913,-0.225372329,-0.890117919
-0.278506171,-0.181478133,3.719100686
-0.278506171,-0.181478133,3.719100686
-0.278506171,-0.181478133,3.719100686
-0.278506171,-0.181478133,3.719100686
-0.278506171,-0.181478133,3.719100686
-0.278506171,-0.181478133,3.719100686
-0.278506171,-0.181478133,3.719100686
-0.133660226,-0.229640902,4.185279935
-0.133660226,-0.229640902,4.185279935
-0.133660226,-0.229640902,4.185279935
-0.133660226,-0.229640902,4.185279935
-0.133660226,-0.229640902,4.185279935
-0.133660226,-0.229640902,4.185279935
-0.429149616,-0.055050951,3.269175043
-0.429149616,-0.055050951,3.269175043
-0.429149616,-0.055050951,3.269175043
-0.429149616,-0.055050951,3.269175043
-0.429149616,-0.055050951,3.269175043
-0.429149616,-0.055050951,3.269175043
-0.429149616,-0.055050951,3.269175043
-0.429149616,-0.055050951,3.269175043
-0.15609044,-0.00598119,3.179892663
-0.15609044,-0.00598119,3.179892663
-0.15609044,-0.00598119,3.179892663
-0.15609044,-0.00598119,3.179892663
-0.15609044,-0.00598119,3.179892663
-0.15609044,-0.00598119,3.179892663
-0.15609044,-0.00598119,3.179892663
-0.15609044,-0.00598119,3.179892663
-0.15609044,-0.00598119,3.179892663
-0.455598823,-0.181465459,3.520633503
-0.455598823,-0.181465459,3.520633503
-0.455598823,-0.181465459,3.520633503
-0.455598823,-0.181465459,3.520633503
-0.455598823,-0.181465459,3.520633503
-0.455598823,-0.181465459,3.520633503
-0.455598823,-0.181465459,3.520633503
0.071564946,-0.179383551,5.09198927
0.071564946,-0.179383551,5.09198927
0.071564946,-0.179383551,5.09198927
0.071564946,-0.179383551,5.09198927
0.071564946,-0.179383551,5.09198927
0.071564946,-0.179383551,5.09198927
0.071564946,-0.179383551,5.09198927
-0.07798114,-0.004352217,3.197345956
-0.07798114,-0.004352217,3.197345956
-0.07798114,-0.004352217,3.197345956
-0.07798114,-0.004352217,3.197345956
-0.07798114,-0.004352217,3.197345956
-0.07798114,-0.004352217,3.197345956
-0.07798114,-0.004352217,3.197345956
-0.07798114,-0.004352217,3.197345956
-0.07798114,-0.004352217,3.197345956
-0.159982456,-0.251804713,4.146386285
-0.159982456,-0.251804713,4.146386285
-0.159982456,-0.251804713,4.146386285
-0.159982456,-0.251804713,4.146386285
-0.159982456,-0.251804713,4.146386285
-0.159982456,-0.251804713,4.146386285
-0.159982456,-0.251804713,4.146386285
-0.159982456,-0.251804713,4.146386285
-3.64E-17,-0.197989899,4.71238898
-3.64E-17,-0.197989899,4.71238898
-3.64E-17,-0.197989899,4.71238898
-3.64E-17,-0.197989899,4.71238898
-3.64E-17,-0.197989899,4.71238898
-3.64E-17,-0.197989899,4.71238898
-3.64E-17,-0.197989899,4.71238898
-3.64E-17,-0.197989899,4.71238898
0.036954247,-0.091292845,5.097016107
0.036954247,-0.091292845,5.097016107
0.036954247,-0.091292845,5.097016107
0.036954247,-0.091292845,5.097016107
0.036954247,-0.091292845,5.097016107
0.036954247,-0.091292845,5.097016107
0.036954247,-0.091292845,5.097016107
-0.063789108,-0.397153559,4.553133417
-0.063789108,-0.397153559,4.553133417
-0.063789108,-0.397153559,4.553133417
-0.063789108,-0.397153559,4.553133417
-0.063789108,-0.397153559,4.553133417
-0.063789108,-0.397153559,4.553133417
-0.063789108,-0.397153559,4.553133417
-0.063789108,-0.397153559,4.553133417
0.084487099,-0.39327081,4.924004421
0.084487099,-0.39327081,4.924004421
0.084487099,-0.39327081,4.924004421
0.084487099,-0.39327081,4.924004421
0.084487099,-0.39327081,4.924004421
0.084487099,-0.39327081,4.924004421
0.084487099,-0.39327081,4.924004421
0.084487099,-0.39327081,4.924004421
0.089332869,-0.329423191,4.977199994
0.089332869,-0.329423191,4.977199994
0.089332869,-0.329423191,4.977199994
0.089332869,-0.329423191,4.977199994
0.089332869,-0.329423191,4.977199994
0.089332869,-0.329423191,4.977199994
0.089332869,-0.329423191,4.977199994
0.089332869,-0.329423191,4.977199994
0.089332869,-0.329423191,4.977199994
0.089332869,-0.329423191,4.977199994
0.089332869,-0.329423191,4.977199994
0.089332869,-0.329423191,4.977199994
0.089332869,-0.329423191,4.977199994
0.497967086,-0.179245032,-0.34551448
0.497967086,-0.179245032,-0.34551448
0.497967086,-0.179245032,-0.34551448
0.497967086,-0.179245032,-0.34551448
0.497967086,-0.179245032,-0.34551448
0.497967086,-0.179245032,-0.34551448
0.497967086,-0.179245032,-0.34551448
0.497967086,-0.179245032,-0.34551448
0.497967086,-0.179245032,-0.34551448
0.497967086,-0.179245032,-0.34551448
0.497967086,-0.179245032,-0.34551448
0.497967086,-0.179245032,-0.34551448
0.497967086,-0.179245032,-0.34551448
-0.052484722,-0.060376766,3.996803987
-0.052484722,-0.060376766,3.996803987
-0.052484722,-0.060376766,3.996803987
-0.052484722,-0.060376766,3.996803987
-0.052484722,-0.060376766,3.996803987
-0.052484722,-0.060376766,3.996803987
-0.052484722,-0.060376766,3.996803987
-0.052484722,-0.060376766,3.996803987
-0.052484722,-0.060376766,3.996803987
-0.052484722,-0.060376766,3.996803987
-0.052484722,-0.060376766,3.996803987
0.142408315,-0.110543529,-0.660086488
0.142408315,-0.110543529,-0.660086488
0.142408315,-0.110543529,-0.660086488
0.142408315,-0.110543529,-0.660086488
0.142408315,-0.110543529,-0.660086488
0.142408315,-0.110543529,-0.660086488
0.142408315,-0.110543529,-0.660086488
0.493793718,-0.127152523,-0.252026152
0.493793718,-0.127152523,-0.252026152
0.493793718,-0.127152523,-0.252026152
0.493793718,-0.127152523,-0.252026152
0.493793718,-0.127152523,-0.252026152
0.493793718,-0.127152523,-0.252026152
0.493793718,-0.127152523,-0.252026152
0.19943659,-0.089022731,-0.419832042
0.19943659,-0.089022731,-0.419832042
0.19943659,-0.089022731,-0.419832042
0.19943659,-0.089022731,-0.419832042
0.19943659,-0.089022731,-0.419832042
0.19943659,-0.089022731,-0.419832042
0.19943659,-0.089022731,-0.419832042
0.19943659,-0.089022731,-0.419832042
-0.135536443,-0.469286557,4.431226066
-0.135536443,-0.469286557,4.431226066
-0.135536443,-0.469286557,4.431226066
-0.135536443,-0.469286557,4.431226066
-0.135536443,-0.469286557,4.431226066
-0.135536443,-0.469286557,4.431226066
-0.135536443,-0.469286557,4.431226066
-0.135536443,-0.469286557,4.431226066
0.108800435,-0.088104855,-0.680678408
0.108800435,-0.088104855,-0.680678408
0.108800435,-0.088104855,-0.680678408
0.108800435,-0.088104855,-0.680678408
0.108800435,-0.088104855,-0.680678408
0.108800435,-0.088104855,-0.680678408
0.108800435,-0.088104855,-0.680678408
0.108800435,-0.088104855,-0.680678408
0.256458167,-0.207675729,-0.680678408
0.256458167,-0.207675729,-0.680678408
0.256458167,-0.207675729,-0.680678408
0.256458167,-0.207675729,-0.680678408
0.256458167,-0.207675729,-0.680678408
0.256458167,-0.207675729,-0.680678408
0.256458167,-0.207675729,-0.680678408
0.039955373,-0.109560797,5.062087399
0.039955373,-0.109560797,5.062087399
0.039955373,-0.109560797,5.062087399
0.039955373,-0.109560797,5.062087399
0.039955373,-0.109560797,5.062087399
0.039955373,-0.109560797,5.062087399
0.039955373,-0.109560797,5.062087399
0.039955373,-0.109560797,5.062087399
0.039955373,-0.109560797,5.062087399
0.183178338,-0.186937681,5.487630293
0.183178338,-0.186937681,5.487630293
0.183178338,-0.186937681,5.487630293
0.183178338,-0.186937681,5.487630293
0.183178338,-0.186937681,5.487630293
0.183178338,-0.186937681,5.487630293
0.183178338,-0.186937681,5.487630293
0.183178338,-0.186937681,5.487630293
0.238126719,-0.198735165,5.587713309
0.238126719,-0.198735165,5.587713309
0.238126719,-0.198735165,5.587713309
0.238126719,-0.198735165,5.587713309
0.238126719,-0.198735165,5.587713309
0.238126719,-0.198735165,5.587713309
0.238126719,-0.198735165,5.587713309
0.238126719,-0.198735165,5.587713309
-0.034967416,0.052699904,2.156616983
-0.034967416,0.052699904,2.156616983
-0.034967416,0.052699904,2.156616983
-0.034967416,0.052699904,2.156616983
-0.034967416,0.052699904,2.156616983
-0.034967416,0.052699904,2.156616983
-0.034967416,0.052699904,2.156616983
-0.034967416,0.052699904,2.156616983
-0.034967416,0.052699904,2.156616983
0.148031408,0.013663898,0.092043237
0.148031408,0.013663898,0.092043237
0.148031408,0.013663898,0.092043237
0.148031408,0.013663898,0.092043237
0.148031408,0.013663898,0.092043237
0.148031408,0.013663898,0.092043237
0.148031408,0.013663898,0.092043237
0.148031408,0.013663898,0.092043237
0.271309002,-0.30461685,5.440017924
0.271309002,-0.30461685,5.440017924
0.271309002,-0.30461685,5.440017924
0.271309002,-0.30461685,5.440017924
0.271309002,-0.30461685,5.440017924
0.271309002,-0.30461685,5.440017924
0.271309002,-0.30461685,5.440017924
0.271309002,-0.30461685,5.440017924
0.271309002,-0.30461685,5.440017924
0.16533897,0.176530521,0.818122802
0.16533897,0.176530521,0.818122802
0.16533897,0.176530521,0.818122802
0.16533897,0.176530521,0.818122802
0.16533897,0.176530521,0.818122802
0.16533897,0.176530521,0.818122802
0.16533897,0.176530521,0.818122802
0.16533897,0.176530521,0.818122802
0.399735997,-0.353144634,5.559592457
0.399735997,-0.353144634,5.559592457
0.399735997,-0.353144634,5.559592457
0.399735997,-0.353144634,5.559592457
0.399735997,-0.353144634,5.559592457
0.399735997,-0.353144634,5.559592457
0.399735997,-0.353144634,5.559592457
-0.128659573,-0.28835172,4.292708202
-0.128659573,-0.28835172,4.292708202
-0.128659573,-0.28835172,4.292708202
-0.128659573,-0.28835172,4.292708202
-0.128659573,-0.28835172,4.292708202
-0.128659573,-0.28835172,4.292708202
-0.128659573,-0.28835172,4.292708202
0.162914032,-0.134011261,5.594821655
0.162914032,-0.134011261,5.594821655
0.162914032,-0.134011261,5.594821655
0.162914032,-0.134011261,5.594821655
0.162914032,-0.134011261,5.594821655
0.162914032,-0.134011261,5.594821655
-0.069606559,-0.049547219,3.760206364
-0.069606559,-0.049547219,3.760206364
-0.069606559,-0.049547219,3.760206364
-0.069606559,-0.049547219,3.760206364
-0.069606559,-0.049547219,3.760206364
-0.069606559,-0.049547219,3.760206364
-0.069606559,-0.049547219,3.760206364
0.519777018,0.139398175,0.262022572
0.519777018,0.139398175,0.262022572
0.519777018,0.139398175,0.262022572
0.519777018,0.139398175,0.262022572
0.519777018,0.139398175,0.262022572
0.519777018,0.139398175,0.262022572
0.519777018,0.139398175,0.262022572
0.519777018,0.139398175,0.262022572
0.519777018,0.139398175,0.262022572
0.519777018,0.139398175,0.262022572
0.519777018,0.139398175,0.262022572
0.519777018,0.139398175,0.262022572
0.519777018,0.139398175,0.262022572
0.519777018,0.139398175,0.262022572
-0.298112609,0.110131161,2.787715902
-0.298112609,0.110131161,2.787715902
-0.298112609,0.110131161,2.787715902
-0.298112609,0.110131161,2.787715902
-0.298112609,0.110131161,2.787715902
0.151549819,0.318013604,1.126082973
0.151549819,0.318013604,1.126082973
0.151549819,0.318013604,1.126082973
0.151549819,0.318013604,1.126082973
0.151549819,0.318013604,1.126082973
0.151549819,0.318013604,1.126082973
-0.160065754,0.064644832,2.757759492
-0.160065754,0.064644832,2.757759492
-0.160065754,0.064644832,2.757759492
-0.160065754,0.064644832,2.757759492
-0.160065754,0.064644832,2.757759492
-0.160065754,0.064644832,2.757759492
0.125116918,-0.121843165,5.511042572
0.125116918,-0.121843165,5.511042572
0.125116918,-0.121843165,5.511042572
0.125116918,-0.121843165,5.511042572
0.353315221,0.044366145,0.124917169
0.353315221,0.044366145,0.124917169
0.353315221,0.044366145,0.124917169
0.353315221,0.044366145,0.124917169
0.353315221,0.044366145,0.124917169
0.353315221,0.044366145,0.124917169
0.353315221,0.044366145,0.124917169
0.334089653,-0.181339746,-0.497289058
0.334089653,-0.181339746,-0.497289058
0.334089653,-0.181339746,-0.497289058
0.334089653,-0.181339746,-0.497289058
0.334089653,-0.181339746,-0.497289058
0.334089653,-0.181339746,-0.497289058
0.479089653,0.069807621,0.144690643
0.479089653,0.069807621,0.144690643
0.479089653,0.069807621,0.144690643
0.479089653,0.069807621,0.144690643
0.479089653,0.069807621,0.144690643
0.479089653,0.069807621,0.144690643
0.479089653,0.069807621,0.144690643
0.424544827,0.35533321,0.696883339
0.424544827,0.35533321,0.696883339
0.424544827,0.35533321,0.696883339
0.424544827,0.35533321,0.696883339
0.424544827,0.35533321,0.696883339
0.424544827,0.35533321,0.696883339
0.424544827,0.35533321,0.696883339
0.351649754,-0.046286613,-0.13087466
0.351649754,-0.046286613,-0.13087466
0.351649754,-0.046286613,-0.13087466
0.351649754,-0.046286613,-0.13087466
0.351649754,-0.046286613,-0.13087466
0.351649754,-0.046286613,-0.13087466
0.102563777,0.411923138,1.326770685
0.102563777,0.411923138,1.326770685
0.102563777,0.411923138,1.326770685
0.102563777,0.411923138,1.326770685
0.102563777,0.411923138,1.326770685
0.102563777,0.411923138,1.326770685
0.102563777,0.411923138,1.326770685
0.189898637,0.080240312,0.399787581
0.189898637,0.080240312,0.399787581
0.189898637,0.080240312,0.399787581
0.189898637,0.080240312,0.399787581
0.189898637,0.080240312,0.399787581
0.189898637,0.080240312,0.399787581
-0.131107155,-0.054871795,3.537967279
-0.131107155,-0.054871795,3.537967279
-0.131107155,-0.054871795,3.537967279
-0.131107155,-0.054871795,3.537967279
-0.131107155,-0.054871795,3.537967279
-0.131107155,-0.054871795,3.537967279
0.43979393,-0.301796784,5.681765505
0.43979393,-0.301796784,5.681765505
0.43979393,-0.301796784,5.681765505
0.43979393,-0.301796784,5.681765505
0.43979393,-0.301796784,5.681765505
0.43979393,-0.301796784,5.681765505
0.43979393,-0.301796784,5.681765505
0.267301957,-0.13619715,-0.471238898
0.267301957,-0.13619715,-0.471238898
0.267301957,-0.13619715,-0.471238898
0.267301957,-0.13619715,-0.471238898
0.267301957,-0.13619715,-0.471238898
0.272690586,-0.015486907,-0.056732023
0.272690586,-0.015486907,-0.056732023
0.272690586,-0.015486907,-0.056732023
0.272690586,-0.015486907,-0.056732023
0.272690586,-0.015486907,-0.056732023
0.272690586,-0.015486907,-0.056732023
0.39282317,0.075431804,0.189715503
0.39282317,0.075431804,0.189715503
0.39282317,0.075431804,0.189715503
0.39282317,0.075431804,0.189715503
0.39282317,0.075431804,0.189715503
0.39282317,0.075431804,0.189715503
-0.24291977,0.212579362,2.422705388
-0.24291977,0.212579362,2.422705388
-0.24291977,0.212579362,2.422705388
-0.24291977,0.212579362,2.422705388
-0.24291977,0.212579362,2.422705388
-0.24291977,0.212579362,2.422705388
0.40866548,-0.086559374,-0.208724969
0.40866548,-0.086559374,-0.208724969
0.40866548,-0.086559374,-0.208724969
0.40866548,-0.086559374,-0.208724969
0.40866548,-0.086559374,-0.208724969
0.40866548,-0.086559374,-0.208724969
0.40866548,-0.086559374,-0.208724969
-0.231044286,-0.211231006,3.882222228
-0.231044286,-0.211231006,3.882222228
-0.231044286,-0.211231006,3.882222228
-0.231044286,-0.211231006,3.882222228
-0.231044286,-0.211231006,3.882222228
0.265992637,0.035325872,0.132035051
0.265992637,0.035325872,0.132035051
0.265992637,0.035325872,0.132035051
0.265992637,0.035325872,0.132035051
0.265992637,0.035325872,0.132035051
0.265992637,0.035325872,0.132035051
0.265992637,0.035325872,0.132035051
0.265992637,0.035325872,0.132035051
0.265992637,0.035325872,0.132035051
0.265992637,0.035325872,0.132035051
0.265992637,0.035325872,0.132035051
0.265992637,0.035325872,0.132035051
0.046112494,0.174280343,1.312135567
0.046112494,0.174280343,1.312135567
0.046112494,0.174280343,1.312135567
0.046112494,0.174280343,1.312135567
0.046112494,0.174280343,1.312135567
0.046112494,0.174280343,1.312135567
0.046112494,0.174280343,1.312135567
0.042819991,0.31107306,1.434003477
0.042819991,0.31107306,1.434003477
0.042819991,0.31107306,1.434003477
0.042819991,0.31107306,1.434003477
0.042819991,0.31107306,1.434003477
0.042819991,0.31107306,1.434003477
0.042819991,0.31107306,1.434003477
0.042819991,0.31107306,1.434003477
0.042819991,0.31107306,1.434003477
0.112872554,0.248515164,1.144465291
0.112872554,0.248515164,1.144465291
0.112872554,0.248515164,1.144465291
0.112872554,0.248515164,1.144465291
0.112872554,0.248515164,1.144465291
0.112872554,0.248515164,1.144465291
0.112872554,0.248515164,1.144465291
0.112872554,0.248515164,1.144465291
0.112872554,0.248515164,1.144465291
0.112872554,0.248515164,1.144465291
0.112872554,0.248515164,1.144465291
0.965847233,0.211988498,0.216058551
0.965847233,0.211988498,0.216058551
0.965847233,0.211988498,0.216058551
0.965847233,0.211988498,0.216058551
0.965847233,0.211988498,0.216058551
0.965847233,0.211988498,0.216058551
0.965847233,0.211988498,0.216058551
0.965847233,0.211988498,0.216058551
0.965847233,0.211988498,0.216058551
0.965847233,0.211988498,0.216058551
0.965847233,0.211988498,0.216058551
0.965847233,0.211988498,0.216058551
0.965847233,0.211988498,0.216058551
0.965847233,0.211988498,0.216058551
0.965847233,0.211988498,0.216058551
0.09645655,0.398617779,1.333382348
0.09645655,0.398617779,1.333382348
0.09645655,0.398617779,1.333382348
0.09645655,0.398617779,1.333382348
0.09645655,0.398617779,1.333382348
0.09645655,0.398617779,1.333382348
0.09645655,0.398617779,1.333382348
0.09645655,0.398617779,1.333382348
0.09645655,0.398617779,1.333382348
0.09645655,0.398617779,1.333382348
0.09645655,0.398617779,1.333382348
0.09645655,0.398617779,1.333382348
0.09645655,0.398617779,1.333382348
0.09645655,0.398617779,1.333382348
0.09645655,0.398617779,1.333382348
0.09645655,0.398617779,1.333382348
0.09645655,0.398617779,1.333382348
0.09645655,0.398617779,1.333382348
0.09645655,0.398617779,1.333382348
0.09645655,0.398617779,1.333382348
0.09645655,0.398617779,1.333382348
0.09645655,0.398617779,1.333382348
0.096873084,0.223194098,1.161301554
0.096873084,0.223194098,1.161301554
0.096873084,0.223194098,1.161301554
0.096873084,0.223194098,1.161301554
0.096873084,0.223194098,1.161301554
0.096873084,0.223194098,1.161301554
0.096873084,0.223194098,1.161301554
0.096873084,0.223194098,1.161301554
0.096873084,0.223194098,1.161301554
0.096873084,0.223194098,1.161301554
0.096873084,0.223194098,1.161301554
0.096873084,0.223194098,1.161301554
0.096873084,0.223194098,1.161301554
0.096873084,0.223194098,1.161301554
0.096873084,0.223194098,1.161301554
0.096873084,0.223194098,1.161301554
0.096873084,0.223194098,1.161301554
0.096873084,0.223194098,1.161301554
0.096873084,0.223194098,1.161301554
0.096873084,0.223194098,1.161301554
0.217381654,0.185863436,0.707395308
0.217381654,0.185863436,0.707395308
0.217381654,0.185863436,0.707395308
0.217381654,0.185863436,0.707395308
0.217381654,0.185863436,0.707395308
0.217381654,0.185863436,0.707395308
0.217381654,0.185863436,0.707395308
0.217381654,0.185863436,0.707395308
0.217381654,0.185863436,0.707395308
0.217381654,0.185863436,0.707395308
0.217381654,0.185863436,0.707395308
0.217381654,0.185863436,0.707395308
0.217381654,0.185863436,0.707395308
0.217381654,0.185863436,0.707395308
0.217381654,0.185863436,0.707395308
0.217381654,0.185863436,0.707395308
0.217381654,0.185863436,0.707395308
0.217381654,0.185863436,0.707395308
0.217381654,0.185863436,0.707395308
0.217381654,0.185863436,0.707395308
0.217381654,0.185863436,0.707395308
0.06284709,0.007088251,0.112311044
0.06284709,0.007088251,0.112311044
0.06284709,0.007088251,0.112311044
0.06284709,0.007088251,0.112311044
0.06284709,0.007088251,0.112311044
0.06284709,0.007088251,0.112311044
0.06284709,0.007088251,0.112311044
0.06284709,0.007088251,0.112311044
0.06284709,0.007088251,0.112311044
0.06284709,0.007088251,0.112311044
0.06284709,0.007088251,0.112311044
0.06284709,0.007088251,0.112311044
0.06284709,0.007088251,0.112311044
0.06284709,0.007088251,0.112311044
0.06284709,0.007088251,0.112311044
0.06284709,0.007088251,0.112311044
0.06284709,0.007088251,0.112311044
0.06284709,0.007088251,0.112311044
0.06284709,0.007088251,0.112311044
0.06284709,0.007088251,0.112311044
0.06284709,0.007088251,0.112311044
0.671140928,0.031142493,0.046369054
0.671140928,0.031142493,0.046369054
0.671140928,0.031142493,0.046369054
0.671140928,0.031142493,0.046369054
0.671140928,0.031142493,0.046369054
0.671140928,0.031142493,0.046369054
0.671140928,0.031142493,0.046369054
0.671140928,0.031142493,0.046369054
0.671140928,0.031142493,0.046369054
0.671140928,0.031142493,0.046369054
0.671140928,0.031142493,0.046369054
0.671140928,0.031142493,0.046369054
0.671140928,0.031142493,0.046369054
0.671140928,0.031142493,0.046369054
0.671140928,0.031142493,0.046369054
0.671140928,0.031142493,0.046369054
0.671140928,0.031142493,0.046369054
0.671140928,0.031142493,0.046369054
0.671140928,0.031142493,0.046369054
0.671140928,0.031142493,0.046369054
-0.119450194,0.328833774,1.919229609
-0.119450194,0.328833774,1.919229609
-0.119450194,0.328833774,1.919229609
-0.119450194,0.328833774,1.919229609
-0.119450194,0.328833774,1.919229609
-0.119450194,0.328833774,1.919229609
-0.119450194,0.328833774,1.919229609
-0.119450194,0.328833774,1.919229609
-0.119450194,0.328833774,1.919229609
-0.119450194,0.328833774,1.919229609
-0.119450194,0.328833774,1.919229609
-0.119450194,0.328833774,1.919229609
-0.119450194,0.328833774,1.919229609
-0.119450194,0.328833774,1.919229609
-0.119450194,0.328833774,1.919229609
-0.119450194,0.328833774,1.919229609
-0.119450194,0.328833774,1.919229609
-0.119450194,0.328833774,1.919229609
-0.119450194,0.328833774,1.919229609
-0.119450194,0.328833774,1.919229609
-0.035173085,-0.023724546,3.735004599
-0.035173085,-0.023724546,3.735004599
-0.035173085,-0.023724546,3.735004599
-0.035173085,-0.023724546,3.735004599
-0.035173085,-0.023724546,3.735004599
-0.035173085,-0.023724546,3.735004599
-0.035173085,-0.023724546,3.735004599
-0.035173085,-0.023724546,3.735004599
-0.035173085,-0.023724546,3.735004599
-0.035173085,-0.023724546,3.735004599
-0.035173085,-0.023724546,3.735004599
-0.035173085,-0.023724546,3.735004599
-0.035173085,-0.023724546,3.735004599
-0.035173085,-0.023724546,3.735004599
-0.035173085,-0.023724546,3.735004599
-0.035173085,-0.023724546,3.735004599
-0.035173085,-0.023724546,3.735004599
-0.035173085,-0.023724546,3.735004599
-0.035173085,-0.023724546,3.735004599
0.110162902,-0.062162167,5.769448535
0.110162902,-0.062162167,5.769448535
0.110162902,-0.062162167,5.769448535
0.110162902,-0.062162167,5.769448535
0.110162902,-0.062162167,5.769448535
0.110162902,-0.062162167,5.769448535
0.110162902,-0.062162167,5.769448535
0.110162902,-0.062162167,5.769448535
0.110162902,-0.062162167,5.769448535
0.110162902,-0.062162167,5.769448535
0.110162902,-0.062162167,5.769448535
0.110162902,-0.062162167,5.769448535
0.110162902,-0.062162167,5.769448535
0.110162902,-0.062162167,5.769448535
0.110162902,-0.062162167,5.769448535
0.110162902,-0.062162167,5.769448535
0.110162902,-0.062162167,5.769448535
0.110162902,-0.062162167,5.769448535
0.110162902,-0.062162167,5.769448535
0.110162902,-0.062162167,5.769448535
0.110162902,-0.062162167,5.769448535
0.110162902,-0.062162167,5.769448535
0.10087561,0.204509441,1.11255806
0.10087561,0.204509441,1.11255806
0.10087561,0.204509441,1.11255806
0.10087561,0.204509441,1.11255806
0.10087561,0.204509441,1.11255806
0.10087561,0.204509441,1.11255806
0.10087561,0.204509441,1.11255806
0.10087561,0.204509441,1.11255806
0.10087561,0.204509441,1.11255806
0.10087561,0.204509441,1.11255806
0.10087561,0.204509441,1.11255806
0.10087561,0.204509441,1.11255806
0.10087561,0.204509441,1.11255806
0.10087561,0.204509441,1.11255806
0.10087561,0.204509441,1.11255806
0.10087561,0.204509441,1.11255806
0.10087561,0.204509441,1.11255806
0.10087561,0.204509441,1.11255806
0.10087561,0.204509441,1.11255806
0.10087561,0.204509441,1.11255806
0.10087561,0.204509441,1.11255806
0.10087561,0.204509441,1.11255806
-0.054276649,0.244855152,1.78893745
-0.054276649,0.244855152,1.78893745
-0.054276649,0.244855152,1.78893745
-0.054276649,0.244855152,1.78893745
-0.054276649,0.244855152,1.78893745
-0.054276649,0.244855152,1.78893745
-0.054276649,0.244855152,1.78893745
-0.054276649,0.244855152,1.78893745
-0.054276649,0.244855152,1.78893745
-0.054276649,0.244855152,1.78893745
-0.054276649,0.244855152,1.78893745
-0.054276649,0.244855152,1.78893745
-0.054276649,0.244855152,1.78893745
-0.054276649,0.244855152,1.78893745
-0.054276649,0.244855152,1.78893745
-0.054276649,0.244855152,1.78893745
-0.054276649,0.244855152,1.78893745
-0.054276649,0.244855152,1.78893745
-0.054276649,0.244855152,1.78893745
0.141519808,-0.058070165,5.89380353
0.141519808,-0.058070165,5.89380353
0.141519808,-0.058070165,5.89380353
0.141519808,-0.058070165,5.89380353
0.141519808,-0.058070165,5.89380353
0.141519808,-0.058070165,5.89380353
0.141519808,-0.058070165,5.89380353
0.141519808,-0.058070165,5.89380353
0.141519808,-0.058070165,5.89380353
0.141519808,-0.058070165,5.89380353
0.141519808,-0.058070165,5.89380353
0.141519808,-0.058070165,5.89380353
0.141519808,-0.058070165,5.89380353
0.141519808,-0.058070165,5.89380353
0.141519808,-0.058070165,5.89380353
0.141519808,-0.058070165,5.89380353
0.141519808,-0.058070165,5.89380353
0.141519808,-0.058070165,5.89380353
0.141519808,-0.058070165,5.89380353
0.141519808,-0.058070165,5.89380353
0.039125904,-0.008316468,-0.20943951
0.039125904,-0.008316468,-0.20943951
0.039125904,-0.008316468,-0.20943951
0.039125904,-0.008316468,-0.20943951
0.039125904,-0.008316468,-0.20943951
0.039125904,-0.008316468,-0.20943951
0.039125904,-0.008316468,-0.20943951
0.039125904,-0.008316468,-0.20943951
0.039125904,-0.008316468,-0.20943951
0.039125904,-0.008316468,-0.20943951
0.039125904,-0.008316468,-0.20943951
0.039125904,-0.008316468,-0.20943951
0.039125904,-0.008316468,-0.20943951
0.039125904,-0.008316468,-0.20943951
0.039125904,-0.008316468,-0.20943951
0.039125904,-0.008316468,-0.20943951
0.039125904,-0.008316468,-0.20943951
0.039125904,-0.008316468,-0.20943951
0.039125904,-0.008316468,-0.20943951
0.039125904,-0.008316468,-0.20943951
0.266556286,0.147809831,0.506304079
0.266556286,0.147809831,0.506304079
0.266556286,0.147809831,0.506304079
0.266556286,0.147809831,0.506304079
0.266556286,0.147809831,0.506304079
0.266556286,0.147809831,0.506304079
0.266556286,0.147809831,0.506304079
0.266556286,0.147809831,0.506304079
0.266556286,0.147809831,0.506304079
0.266556286,0.147809831,0.506304079
0.266556286,0.147809831,0.506304079
0.266556286,0.147809831,0.506304079
0.266556286,0.147809831,0.506304079
0.266556286,0.147809831,0.506304079
0.266556286,0.147809831,0.506304079
0.266556286,0.147809831,0.506304079
0.266556286,0.147809831,0.506304079
0.266556286,0.147809831,0.506304079
0.266556286,0.147809831,0.506304079
0.266556286,0.147809831,0.506304079
0.02702852,0.127159188,1.361356817
0.02702852,0.127159188,1.361356817
0.02702852,0.127159188,1.361356817
0.02702852,0.127159188,1.361356817
0.02702852,0.127159188,1.361356817
0.02702852,0.127159188,1.361356817
0.02702852,0.127159188,1.361356817
0.02702852,0.127159188,1.361356817
0.02702852,0.127159188,1.361356817
0.02702852,0.127159188,1.361356817
0.02702852,0.127159188,1.361356817
0.02702852,0.127159188,1.361356817
0.02702852,0.127159188,1.361356817
0.02702852,0.127159188,1.361356817
0.02702852,0.127159188,1.361356817
0.02702852,0.127159188,1.361356817
0.02702852,0.127159188,1.361356817
0.02702852,0.127159188,1.361356817
0.02702852,0.127159188,1.361356817
0.02702852,0.127159188,1.361356817
-0.215119608,-0.042703095,3.337553777
-0.215119608,-0.042703095,3.337553777
-0.215119608,-0.042703095,3.337553777
-0.215119608,-0.042703095,3.337553777
-0.215119608,-0.042703095,3.337553777
-0.215119608,-0.042703095,3.337553777
-0.215119608,-0.042703095,3.337553777
-0.215119608,-0.042703095,3.337553777
-0.215119608,-0.042703095,3.337553777
-0.215119608,-0.042703095,3.337553777
-0.215119608,-0.042703095,3.337553777
-0.215119608,-0.042703095,3.337553777
-0.215119608,-0.042703095,3.337553777
-0.215119608,-0.042703095,3.337553777
-0.215119608,-0.042703095,3.337553777
-0.215119608,-0.042703095,3.337553777
-0.215119608,-0.042703095,3.337553777
-0.215119608,-0.042703095,3.337553777
-0.215119608,-0.042703095,3.337553777
-0.215119608,-0.042703095,3.337553777
-0.215119608,-0.042703095,3.337553777
0.006002873,0.070455415,1.485800579
0.006002873,0.070455415,1.485800579
0.006002873,0.070455415,1.485800579
0.006002873,0.070455415,1.485800579
0.006002873,0.070455415,1.485800579
0.006002873,0.070455415,1.485800579
0.006002873,0.070455415,1.485800579
0.006002873,0.070455415,1.485800579
0.006002873,0.070455415,1.485800579
0.006002873,0.070455415,1.485800579
0.006002873,0.070455415,1.485800579
0.006002873,0.070455415,1.485800579
0.006002873,0.070455415,1.485800579
0.006002873,0.070455415,1.485800579
0.006002873,0.070455415,1.485800579
0.006002873,0.070455415,1.485800579
0.006002873,0.070455415,1.485800579
0.006002873,0.070455415,1.485800579
0.006002873,0.070455415,1.485800579
0.006002873,0.070455415,1.485800579
0.148564466,0.121772737,0.686615874
0.148564466,0.121772737,0.686615874
0.148564466,0.121772737,0.686615874
0.148564466,0.121772737,0.686615874
0.148564466,0.121772737,0.686615874
0.148564466,0.121772737,0.686615874
0.148564466,0.121772737,0.686615874
0.148564466,0.121772737,0.686615874
0.148564466,0.121772737,0.686615874
0.148564466,0.121772737,0.686615874
0.148564466,0.121772737,0.686615874
0.148564466,0.121772737,0.686615874
0.148564466,0.121772737,0.686615874
0.148564466,0.121772737,0.686615874
0.148564466,0.121772737,0.686615874
0.148564466,0.121772737,0.686615874
0.148564466,0.121772737,0.686615874
0.148564466,0.121772737,0.686615874
0.148564466,0.121772737,0.686615874
0.148564466,0.121772737,0.686615874
0.148564466,0.121772737,0.686615874
0.148564466,0.121772737,0.686615874
0.148564466,0.121772737,0.686615874
0.148564466,0.121772737,0.686615874
0.148564466,0.121772737,0.686615874
0.148564466,0.121772737,0.686615874
0.148564466,0.121772737,0.686615874
0.254458902,0.283285487,0.838953385
0.254458902,0.283285487,0.838953385
0.254458902,0.283285487,0.838953385
0.254458902,0.283285487,0.838953385
0.254458902,0.283285487,0.838953385
0.254458902,0.283285487,0.838953385
0.254458902,0.283285487,0.838953385
0.254458902,0.283285487,0.838953385
0.254458902,0.283285487,0.838953385
0.254458902,0.283285487,0.838953385
0.254458902,0.283285487,0.838953385
0.254458902,0.283285487,0.838953385
0.254458902,0.283285487,0.838953385
0.164416887,0.059725097,0.348433283
0.164416887,0.059725097,0.348433283
0.164416887,0.059725097,0.348433283
0.164416887,0.059725097,0.348433283
0.164416887,0.059725097,0.348433283
0.164416887,0.059725097,0.348433283
0.164416887,0.059725097,0.348433283
0.164416887,0.059725097,0.348433283
0.164416887,0.059725097,0.348433283
-0.136136604,0.034158822,2.895752264
-0.136136604,0.034158822,2.895752264
-0.136136604,0.034158822,2.895752264
-0.136136604,0.034158822,2.895752264
-0.136136604,0.034158822,2.895752264
-0.136136604,0.034158822,2.895752264
0.29023292,0.298269764,0.799053742
0.29023292,0.298269764,0.799053742
0.29023292,0.298269764,0.799053742
0.29023292,0.298269764,0.799053742
0.29023292,0.298269764,0.799053742
0.29023292,0.298269764,0.799053742
0.29023292,0.298269764,0.799053742
0.29023292,0.298269764,0.799053742
-0.176428172,0.469119494,1.930516708
-0.176428172,0.469119494,1.930516708
-0.176428172,0.469119494,1.930516708
-0.176428172,0.469119494,1.930516708
-0.176428172,0.469119494,1.930516708
-0.176428172,0.469119494,1.930516708
-0.176428172,0.469119494,1.930516708
-0.176428172,0.469119494,1.930516708
0.368623979,0.458493579,0.893627552
0.368623979,0.458493579,0.893627552
0.368623979,0.458493579,0.893627552
0.368623979,0.458493579,0.893627552
0.368623979,0.458493579,0.893627552
0.368623979,0.458493579,0.893627552
0.368623979,0.458493579,0.893627552
0.312803328,0.133244429,0.402690864
0.312803328,0.133244429,0.402690864
0.312803328,0.133244429,0.402690864
0.312803328,0.133244429,0.402690864
0.312803328,0.133244429,0.402690864
0.312803328,0.133244429,0.402690864
0.312803328,0.133244429,0.402690864
0.312803328,0.133244429,0.402690864
-0.146356518,0.200698205,2.200876026
-0.146356518,0.200698205,2.200876026
-0.146356518,0.200698205,2.200876026
-0.146356518,0.200698205,2.200876026
-0.146356518,0.200698205,2.200876026
-0.146356518,0.200698205,2.200876026
-0.146356518,0.200698205,2.200876026
0.243459389,0.614514057,1.193585684
0.243459389,0.614514057,1.193585684
0.243459389,0.614514057,1.193585684
0.243459389,0.614514057,1.193585684
0.243459389,0.614514057,1.193585684
0.243459389,0.614514057,1.193585684
0.243459389,0.614514057,1.193585684
0.243459389,0.614514057,1.193585684
0.066198087,0.116695387,1.05478884
0.066198087,0.116695387,1.05478884
0.066198087,0.116695387,1.05478884
0.066198087,0.116695387,1.05478884
0.066198087,0.116695387,1.05478884
0.066198087,0.116695387,1.05478884
0.066198087,0.116695387,1.05478884
0.242768782,0.237620114,0.774680865
0.242768782,0.237620114,0.774680865
0.242768782,0.237620114,0.774680865
0.242768782,0.237620114,0.774680865
0.242768782,0.237620114,0.774680865
0.242768782,0.237620114,0.774680865
0.242768782,0.237620114,0.774680865
0.242768782,0.237620114,0.774680865
0.500319023,0.184067584,0.352531909
0.500319023,0.184067584,0.352531909
0.500319023,0.184067584,0.352531909
0.500319023,0.184067584,0.352531909
0.500319023,0.184067584,0.352531909
0.500319023,0.184067584,0.352531909
0.500319023,0.184067584,0.352531909
0.500319023,0.184067584,0.352531909
0.315855471,0.103611398,0.31697378
0.315855471,0.103611398,0.31697378
0.315855471,0.103611398,0.31697378
0.315855471,0.103611398,0.31697378
0.315855471,0.103611398,0.31697378
0.315855471,0.103611398,0.31697378
0.315855471,0.103611398,0.31697378
0.350611725,0.297945327,0.704370462
0.350611725,0.297945327,0.704370462
0.350611725,0.297945327,0.704370462
0.350611725,0.297945327,0.704370462
0.350611725,0.297945327,0.704370462
0.350611725,0.297945327,0.704370462
0.350611725,0.297945327,0.704370462
-0.277688542,0.134866874,2.689469146
-0.277688542,0.134866874,2.689469146
-0.277688542,0.134866874,2.689469146
-0.277688542,0.134866874,2.689469146
-0.277688542,0.134866874,2.689469146
-0.277688542,0.134866874,2.689469146
-0.277688542,0.134866874,2.689469146
-0.277688542,0.134866874,2.689469146
0.13,0.3,1.161888498
0.249782825,0.267784503,0.820165475
0.249782825,0.267784503,0.820165475
0.249782825,0.267784503,0.820165475
0.249782825,0.267784503,0.820165475
0.249782825,0.267784503,0.820165475
0.249782825,0.267784503,0.820165475
0.249782825,0.267784503,0.820165475
0.249782825,0.267784503,0.820165475
0.249782825,0.267784503,0.820165475
-0.011009693,0.099893877,1.680567185
-0.011009693,0.099893877,1.680567185
-0.011009693,0.099893877,1.680567185
-0.011009693,0.099893877,1.680567185
-0.011009693,0.099893877,1.680567185
-0.011009693,0.099893877,1.680567185
-0.011009693,0.099893877,1.680567185
-0.011009693,0.099893877,1.680567185
-0.011009693,0.099893877,1.680567185
-0.011009693,0.099893877,1.680567185
-0.011009693,0.099893877,1.680567185
-0.011009693,0.099893877,1.680567185
-0.011009693,0.099893877,1.680567185
0.13963389,-0.031660336,6.060217042
0.13963389,-0.031660336,6.060217042
0.13963389,-0.031660336,6.060217042
0.13963389,-0.031660336,6.060217042
0.13963389,-0.031660336,6.060217042
0.13963389,-0.031660336,6.060217042
0.13963389,-0.031660336,6.060217042
0.13963389,-0.031660336,6.060217042
0.13963389,-0.031660336,6.060217042
0.13963389,-0.031660336,6.060217042
0.13963389,-0.031660336,6.060217042
0.13963389,-0.031660336,6.060217042
0.13963389,-0.031660336,6.060217042
0.13963389,-0.031660336,6.060217042
0.13963389,-0.031660336,6.060217042
0.13963389,-0.031660336,6.060217042
0.13963389,-0.031660336,6.060217042
0.13963389,-0.031660336,6.060217042
0.13963389,-0.031660336,6.060217042
0.212870097,-0.032959394,6.129571733
0.212870097,-0.032959394,6.129571733
0.212870097,-0.032959394,6.129571733
0.212870097,-0.032959394,6.129571733
0.212870097,-0.032959394,6.129571733
0.212870097,-0.032959394,6.129571733
0.212870097,-0.032959394,6.129571733
0.212870097,-0.032959394,6.129571733
0.212870097,-0.032959394,6.129571733
0.212870097,-0.032959394,6.129571733
0.212870097,-0.032959394,6.129571733
0.212870097,-0.032959394,6.129571733
0.212870097,-0.032959394,6.129571733
0.212870097,-0.032959394,6.129571733
0.212870097,-0.032959394,6.129571733
0.212870097,-0.032959394,6.129571733
0.212870097,-0.032959394,6.129571733
0.212870097,-0.032959394,6.129571733
0.111679728,0.005257215,6.33022461
0.111679728,0.005257215,6.33022461
0.111679728,0.005257215,6.33022461
0.111679728,0.005257215,6.33022461
0.111679728,0.005257215,6.33022461
0.111679728,0.005257215,6.33022461
0.111679728,0.005257215,6.33022461
0.111679728,0.005257215,6.33022461
0.111679728,0.005257215,6.33022461
0.111679728,0.005257215,6.33022461
0.111679728,0.005257215,6.33022461
0.111679728,0.005257215,6.33022461
0.111679728,0.005257215,6.33022461
0.111679728,0.005257215,6.33022461
0.111679728,0.005257215,6.33022461
0.111679728,0.005257215,6.33022461
0.111679728,0.005257215,6.33022461
0.111679728,0.005257215,6.33022461
0.111679728,0.005257215,6.33022461
0.111679728,0.005257215,6.33022461
0.111679728,0.005257215,6.33022461
0.111679728,0.005257215,6.33022461
-0.130924719,0.070418164,2.648123689
-0.130924719,0.070418164,2.648123689
-0.130924719,0.070418164,2.648123689
-0.130924719,0.070418164,2.648123689
-0.130924719,0.070418164,2.648123689
-0.130924719,0.070418164,2.648123689
-0.130924719,0.070418164,2.648123689
-0.130924719,0.070418164,2.648123689
-0.130924719,0.070418164,2.648123689
-0.130924719,0.070418164,2.648123689
-0.130924719,0.070418164,2.648123689
-0.130924719,0.070418164,2.648123689
-0.130924719,0.070418164,2.648123689
-0.130924719,0.070418164,2.648123689
-0.130924719,0.070418164,2.648123689
-0.130924719,0.070418164,2.648123689
-0.130924719,0.070418164,2.648123689
-0.130924719,0.070418164,2.648123689
-0.130924719,0.070418164,2.648123689
-0.130924719,0.070418164,2.648123689
-0.130924719,0.070418164,2.648123689
0.046095567,0.021799052,0.441741655
0.046095567,0.021799052,0.441741655
0.046095567,0.021799052,0.441741655
0.046095567,0.021799052,0.441741655
0.046095567,0.021799052,0.441741655
0.046095567,0.021799052,0.441741655
0.046095567,0.021799052,0.441741655
0.046095567,0.021799052,0.441741655
0.046095567,0.021799052,0.441741655
0.046095567,0.021799052,0.441741655
0.046095567,0.021799052,0.441741655
0.046095567,0.021799052,0.441741655
0.046095567,0.021799052,0.441741655
0.046095567,0.021799052,0.441741655
0.046095567,0.021799052,0.441741655
0.046095567,0.021799052,0.441741655
0.046095567,0.021799052,0.441741655
0.046095567,0.021799052,0.441741655
0.046095567,0.021799052,0.441741655
0.046095567,0.021799052,0.441741655
-0.104391555,-0.16000751,4.134316796
-0.104391555,-0.16000751,4.134316796
-0.104391555,-0.16000751,4.134316796
-0.104391555,-0.16000751,4.134316796
-0.104391555,-0.16000751,4.134316796
-0.104391555,-0.16000751,4.134316796
-0.104391555,-0.16000751,4.134316796
-0.104391555,-0.16000751,4.134316796
-0.104391555,-0.16000751,4.134316796
-0.104391555,-0.16000751,4.134316796
-0.104391555,-0.16000751,4.134316796
-0.104391555,-0.16000751,4.134316796
-0.104391555,-0.16000751,4.134316796
-0.104391555,-0.16000751,4.134316796
-0.104391555,-0.16000751,4.134316796
-0.104391555,-0.16000751,4.134316796
-0.104391555,-0.16000751,4.134316796
