-0.08499999999999996,-0.14722431864335458,-2.0943951023931953
-0.08499999999999996,-0.14722431864335458,-2.0943951023931953
-0.08499999999999996,-0.14722431864335458,-2.0943951023931953
-0.08499999999999996,-0.14722431864335458,-2.0943951023931953
-0.08499999999999996,-0.14722431864335458,-2.0943951023931953
-0.08499999999999996,-0.14722431864335458,-2.0943951023931953
-0.08499999999999996,-0.14722431864335458,-2.0943951023931953
-0.08499999999999996,-0.14722431864335458,-2.0943951023931953
-0.08499999999999996,-0.14722431864335458,-2.0943951023931953
-0.08499999999999996,-0.14722431864335458,-2.0943951023931953
0.04918584287042099,-0.3748076211353316,-1.440312377978835
0.04918584287042099,-0.3748076211353316,-1.440312377978835
0.04918584287042099,-0.3748076211353316,-1.440312377978835
0.04918584287042099,-0.3748076211353316,-1.440312377978835
0.04918584287042099,-0.3748076211353316,-1.440312377978835
0.04918584287042099,-0.3748076211353316,-1.440312377978835
-0.2312435565298214,-0.12052558883257657,-2.6611243199167016
-0.2312435565298214,-0.12052558883257657,-2.6611243199167016
-0.2312435565298214,-0.12052558883257657,-2.6611243199167016
-0.2312435565298214,-0.12052558883257657,-2.6611243199167016
-0.2312435565298214,-0.12052558883257657,-2.6611243199167016
-0.2312435565298214,-0.12052558883257657,-2.6611243199167016
-0.2312435565298214,-0.12052558883257657,-2.6611243199167016
-0.2312435565298214,-0.12052558883257657,-2.6611243199167016
-0.2312435565298214,-0.12052558883257657,-2.6611243199167016
-0.2312435565298214,-0.12052558883257657,-2.6611243199167016
-0.2312435565298214,-0.12052558883257657,-2.6611243199167016
-0.2312435565298214,-0.12052558883257657,-2.6611243199167016
-0.2312435565298214,-0.12052558883257657,-2.6611243199167016
-0.02169872981077805,-0.137583302491977,-1.7272212685749762
-0.02169872981077805,-0.137583302491977,-1.7272212685749762
-0.02169872981077805,-0.137583302491977,-1.7272212685749762
-0.02169872981077805,-0.137583302491977,-1.7272212685749762
-0.02169872981077805,-0.137583302491977,-1.7272212685749762
-0.02169872981077805,-0.137583302491977,-1.7272212685749762
-0.02169872981077805,-0.137583302491977,-1.7272212685749762
-0.02169872981077805,-0.137583302491977,-1.7272212685749762
-0.02169872981077805,-0.137583302491977,-1.7272212685749762
-0.02169872981077805,-0.137583302491977,-1.7272212685749762
-0.02169872981077805,-0.137583302491977,-1.7272212685749762
-0.02169872981077805,-0.137583302491977,-1.7272212685749762
-0.02169872981077805,-0.137583302491977,-1.7272212685749762
-0.02169872981077805,-0.137583302491977,-1.7272212685749762
-0.02169872981077805,-0.137583302491977,-1.7272212685749762
0.10392304845413264,-0.059999999999999984,-0.5235987755982987
0.10392304845413264,-0.059999999999999984,-0.5235987755982987
0.10392304845413264,-0.059999999999999984,-0.5235987755982987
0.10392304845413264,-0.059999999999999984,-0.5235987755982987
0.10392304845413264,-0.059999999999999984,-0.5235987755982987
0.10392304845413264,-0.059999999999999984,-0.5235987755982987
0.10392304845413264,-0.059999999999999984,-0.5235987755982987
0.10392304845413264,-0.059999999999999984,-0.5235987755982987
0.10392304845413264,-0.059999999999999984,-0.5235987755982987
0.10392304845413264,-0.059999999999999984,-0.5235987755982987
0.10392304845413264,-0.059999999999999984,-0.5235987755982987
0.10392304845413264,-0.059999999999999984,-0.5235987755982987
-0.0311473670974874,0.5260511776651531,-4.653248261733016
-0.0311473670974874,0.5260511776651531,-4.653248261733016
-0.0311473670974874,0.5260511776651531,-4.653248261733016
-0.0311473670974874,0.5260511776651531,-4.653248261733016
-0.0311473670974874,0.5260511776651531,-4.653248261733016
-0.0311473670974874,0.5260511776651531,-4.653248261733016
-0.0311473670974874,0.5260511776651531,-4.653248261733016
-0.0311473670974874,0.5260511776651531,-4.653248261733016
-0.0311473670974874,0.5260511776651531,-4.653248261733016
-0.0311473670974874,0.5260511776651531,-4.653248261733016
-0.0311473670974874,0.5260511776651531,-4.653248261733016
-0.05169872981077805,-0.18954482671904332,-1.8370713874221067
-0.05169872981077805,-0.18954482671904332,-1.8370713874221067
-0.05169872981077805,-0.18954482671904332,-1.8370713874221067
-0.05169872981077805,-0.18954482671904332,-1.8370713874221067
-0.05169872981077805,-0.18954482671904332,-1.8370713874221067
-0.05169872981077805,-0.18954482671904332,-1.8370713874221067
-0.05169872981077805,-0.18954482671904332,-1.8370713874221067
-0.05169872981077805,-0.18954482671904332,-1.8370713874221067
-0.05169872981077805,-0.18954482671904332,-1.8370713874221067
-0.05169872981077805,-0.18954482671904332,-1.8370713874221067
-0.05169872981077805,-0.18954482671904332,-1.8370713874221067
-0.05169872981077805,-0.18954482671904332,-1.8370713874221067
-0.05169872981077805,-0.18954482671904332,-1.8370713874221067
0.028467875173176137,-0.5706921938165306,-1.5209545762383663
0.028467875173176137,-0.5706921938165306,-1.5209545762383663
0.028467875173176137,-0.5706921938165306,-1.5209545762383663
0.028467875173176137,-0.5706921938165306,-1.5209545762383663
0.028467875173176137,-0.5706921938165306,-1.5209545762383663
0.028467875173176137,-0.5706921938165306,-1.5209545762383663
0.028467875173176137,-0.5706921938165306,-1.5209545762383663
0.028467875173176137,-0.5706921938165306,-1.5209545762383663
0.028467875173176137,-0.5706921938165306,-1.5209545762383663
0.028467875173176137,-0.5706921938165306,-1.5209545762383663
0.028467875173176137,-0.5706921938165306,-1.5209545762383663
0.028467875173176137,-0.5706921938165306,-1.5209545762383663
-0.1038268590217986,0.36016660498395403,-4.431723906563869
-0.1038268590217986,0.36016660498395403,-4.431723906563869
-0.1038268590217986,0.36016660498395403,-4.431723906563869
-0.1038268590217986,0.36016660498395403,-4.431723906563869
-0.1038268590217986,0.36016660498395403,-4.431723906563869
-0.1038268590217986,0.36016660498395403,-4.431723906563869
-0.1038268590217986,0.36016660498395403,-4.431723906563869
-0.1038268590217986,0.36016660498395403,-4.431723906563869
-0.1038268590217986,0.36016660498395403,-4.431723906563869
-0.1038268590217986,0.36016660498395403,-4.431723906563869
-0.1038268590217986,0.36016660498395403,-4.431723906563869
-0.1038268590217986,0.36016660498395403,-4.431723906563869
-0.1038268590217986,0.36016660498395403,-4.431723906563869
-0.1038268590217986,0.36016660498395403,-4.431723906563869
-0.1038268590217986,0.36016660498395403,-4.431723906563869
-0.09937822173508921,-0.31212812921102034,-1.8790374026954573
-0.09937822173508921,-0.31212812921102034,-1.8790374026954573
-0.09937822173508921,-0.31212812921102034,-1.8790374026954573
-0.09937822173508921,-0.31212812921102034,-1.8790374026954573
-0.09937822173508921,-0.31212812921102034,-1.8790374026954573
-0.09937822173508921,-0.31212812921102034,-1.8790374026954573
-0.09937822173508921,-0.31212812921102034,-1.8790374026954573
-0.09937822173508921,-0.31212812921102034,-1.8790374026954573
-0.09937822173508921,-0.31212812921102034,-1.8790374026954573
-0.09937822173508921,-0.31212812921102034,-1.8790374026954573
-0.09937822173508921,-0.31212812921102034,-1.8790374026954573
-0.013205080756887864,0.37712812921102035,-4.677388440639426
-0.013205080756887864,0.37712812921102035,-4.677388440639426
-0.013205080756887864,0.37712812921102035,-4.677388440639426
-0.013205080756887864,0.37712812921102035,-4.677388440639426
-0.013205080756887864,0.37712812921102035,-4.677388440639426
-0.013205080756887864,0.37712812921102035,-4.677388440639426
-0.013205080756887864,0.37712812921102035,-4.677388440639426
-0.013205080756887864,0.37712812921102035,-4.677388440639426
-0.013205080756887864,0.37712812921102035,-4.677388440639426
-0.013205080756887864,0.37712812921102035,-4.677388440639426
-0.013205080756887864,0.37712812921102035,-4.677388440639426
-0.013205080756887864,0.37712812921102035,-4.677388440639426
-0.013205080756887864,0.37712812921102035,-4.677388440639426
0.01581415712957904,0.4873909236273086,-4.744824157696728
0.01581415712957904,0.4873909236273086,-4.744824157696728
0.01581415712957904,0.4873909236273086,-4.744824157696728
0.01581415712957904,0.4873909236273086,-4.744824157696728
0.01581415712957904,0.4873909236273086,-4.744824157696728
0.01581415712957904,0.4873909236273086,-4.744824157696728
0.01581415712957904,0.4873909236273086,-4.744824157696728
0.01581415712957904,0.4873909236273086,-4.744824157696728
0.01581415712957904,0.4873909236273086,-4.744824157696728
0.01581415712957904,0.4873909236273086,-4.744824157696728
0.01581415712957904,0.4873909236273086,-4.744824157696728
0.01581415712957904,0.4873909236273086,-4.744824157696728
0.01581415712957904,0.4873909236273086,-4.744824157696728
0.01581415712957904,0.4873909236273086,-4.744824157696728
0.01581415712957904,0.4873909236273086,-4.744824157696728
0.049737205583711856,0.30614736709748724,-4.8734435187184815
0.049737205583711856,0.30614736709748724,-4.8734435187184815
0.049737205583711856,0.30614736709748724,-4.8734435187184815
0.049737205583711856,0.30614736709748724,-4.8734435187184815
0.049737205583711856,0.30614736709748724,-4.8734435187184815
0.049737205583711856,0.30614736709748724,-4.8734435187184815
0.049737205583711856,0.30614736709748724,-4.8734435187184815
0.049737205583711856,0.30614736709748724,-4.8734435187184815
0.049737205583711856,0.30614736709748724,-4.8734435187184815
0.049737205583711856,0.30614736709748724,-4.8734435187184815
0.049737205583711856,0.30614736709748724,-4.8734435187184815
0.049737205583711856,0.30614736709748724,-4.8734435187184815
0.049737205583711856,0.30614736709748724,-4.8734435187184815
0.049737205583711856,0.30614736709748724,-4.8734435187184815
0.049737205583711856,0.30614736709748724,-4.8734435187184815
-0.040166604983953975,0.45042939940024235,-4.6234501993726855
-0.040166604983953975,0.45042939940024235,-4.6234501993726855
-0.040166604983953975,0.45042939940024235,-4.6234501993726855
-0.040166604983953975,0.45042939940024235,-4.6234501993726855
-0.040166604983953975,0.45042939940024235,-4.6234501993726855
-0.040166604983953975,0.45042939940024235,-4.6234501993726855
-0.040166604983953975,0.45042939940024235,-4.6234501993726855
-0.040166604983953975,0.45042939940024235,-4.6234501993726855
-0.040166604983953975,0.45042939940024235,-4.6234501993726855
-0.040166604983953975,0.45042939940024235,-4.6234501993726855
-0.040166604983953975,0.45042939940024235,-4.6234501993726855
-0.040166604983953975,0.45042939940024235,-4.6234501993726855
-0.040166604983953975,0.45042939940024235,-4.6234501993726855
-0.040166604983953975,0.45042939940024235,-4.6234501993726855
-0.040166604983953975,0.45042939940024235,-4.6234501993726855
0.007775681356645541,0.353467875173176,-4.734383701793869
0.007775681356645541,0.353467875173176,-4.734383701793869
0.007775681356645541,0.353467875173176,-4.734383701793869
0.007775681356645541,0.353467875173176,-4.734383701793869
0.007775681356645541,0.353467875173176,-4.734383701793869
0.007775681356645541,0.353467875173176,-4.734383701793869
0.007775681356645541,0.353467875173176,-4.734383701793869
0.007775681356645541,0.353467875173176,-4.734383701793869
0.007775681356645541,0.353467875173176,-4.734383701793869
0.13124355652982142,-0.0526794919243112,-0.3817017209941347
0.13124355652982142,-0.0526794919243112,-0.3817017209941347
0.13124355652982142,-0.0526794919243112,-0.3817017209941347
0.13124355652982142,-0.0526794919243112,-0.3817017209941347
0.13124355652982142,-0.0526794919243112,-0.3817017209941347
0.13124355652982142,-0.0526794919243112,-0.3817017209941347
0.13124355652982142,-0.0526794919243112,-0.3817017209941347
0.13124355652982142,-0.0526794919243112,-0.3817017209941347
0.04705771365940045,0.2615063509461097,-4.890432175401276
0.04705771365940045,0.2615063509461097,-4.890432175401276
0.04705771365940045,0.2615063509461097,-4.890432175401276
0.04705771365940045,0.2615063509461097,-4.890432175401276
0.04705771365940045,0.2615063509461097,-4.890432175401276
0.04705771365940045,0.2615063509461097,-4.890432175401276
0.04705771365940045,0.2615063509461097,-4.890432175401276
0.04705771365940045,0.2615063509461097,-4.890432175401276
0.04705771365940045,0.2615063509461097,-4.890432175401276
0.04705771365940045,0.2615063509461097,-4.890432175401276
0.04705771365940045,0.2615063509461097,-4.890432175401276
0.04705771365940045,0.2615063509461097,-4.890432175401276
0.04705771365940045,0.2615063509461097,-4.890432175401276
0.23732050807568872,0.371051177665153,1.0017742717750209
0.23732050807568872,0.371051177665153,1.0017742717750209
0.23732050807568872,0.371051177665153,1.0017742717750209
0.23732050807568872,0.371051177665153,1.0017742717750209
0.23732050807568872,0.371051177665153,1.0017742717750209
0.23732050807568872,0.371051177665153,1.0017742717750209
0.23732050807568872,0.371051177665153,1.0017742717750209
0.23732050807568872,0.371051177665153,1.0017742717750209
0.23732050807568872,0.371051177665153,1.0017742717750209
-0.0035640646055101455,0.31382685902179847,-4.701032682196892
-0.0035640646055101455,0.31382685902179847,-4.701032682196892
-0.0035640646055101455,0.31382685902179847,-4.701032682196892
-0.0035640646055101455,0.31382685902179847,-4.701032682196892
-0.0035640646055101455,0.31382685902179847,-4.701032682196892
-0.0035640646055101455,0.31382685902179847,-4.701032682196892
-0.0035640646055101455,0.31382685902179847,-4.701032682196892
-0.0035640646055101455,0.31382685902179847,-4.701032682196892
-0.0035640646055101455,0.31382685902179847,-4.701032682196892
-0.0035640646055101455,0.31382685902179847,-4.701032682196892
-0.01937822173508926,-0.1735640646055102,-1.681984660795808
-0.01937822173508926,-0.1735640646055102,-1.681984660795808
-0.01937822173508926,-0.1735640646055102,-1.681984660795808
-0.01937822173508926,-0.1735640646055102,-1.681984660795808
-0.01937822173508926,-0.1735640646055102,-1.681984660795808
-0.01937822173508926,-0.1735640646055102,-1.681984660795808
-0.01937822173508926,-0.1735640646055102,-1.681984660795808
-0.01937822173508926,-0.1735640646055102,-1.681984660795808
0.11303847577293374,0.3157883832488647,-5.056134256190511
0.11303847577293374,0.3157883832488647,-5.056134256190511
0.11303847577293374,0.3157883832488647,-5.056134256190511
0.11303847577293374,0.3157883832488647,-5.056134256190511
0.11303847577293374,0.3157883832488647,-5.056134256190511
0.11303847577293374,0.3157883832488647,-5.056134256190511
0.11303847577293374,0.3157883832488647,-5.056134256190511
0.11303847577293374,0.3157883832488647,-5.056134256190511
0.11303847577293374,0.3157883832488647,-5.056134256190511
0.11303847577293374,0.3157883832488647,-5.056134256190511
0.11303847577293374,0.3157883832488647,-5.056134256190511
0.19026279441628818,0.1095448267190434,0.5224017795464908
0.19026279441628818,0.1095448267190434,0.5224017795464908
0.19026279441628818,0.1095448267190434,0.5224017795464908
0.19026279441628818,0.1095448267190434,0.5224017795464908
0.19026279441628818,0.1095448267190434,0.5224017795464908
0.19026279441628818,0.1095448267190434,0.5224017795464908
0.19026279441628818,0.1095448267190434,0.5224017795464908
0.19026279441628818,0.1095448267190434,0.5224017795464908
0.19026279441628818,0.1095448267190434,0.5224017795464908
0.19026279441628818,0.1095448267190434,0.5224017795464908
0.19026279441628818,0.1095448267190434,0.5224017795464908
0.19026279441628818,0.1095448267190434,0.5224017795464908
0.19026279441628818,0.1095448267190434,0.5224017795464908
0.19026279441628818,0.1095448267190434,0.5224017795464908
0.19026279441628818,0.1095448267190434,0.5224017795464908
0.17382685902179854,-0.2389230484541326,-0.9418231051775277
0.17382685902179854,-0.2389230484541326,-0.9418231051775277
0.17382685902179854,-0.2389230484541326,-0.9418231051775277
0.17382685902179854,-0.2389230484541326,-0.9418231051775277
0.17382685902179854,-0.2389230484541326,-0.9418231051775277
0.17382685902179854,-0.2389230484541326,-0.9418231051775277
0.17382685902179854,-0.2389230484541326,-0.9418231051775277
0.1548076211353317,-0.33186533479473207,-1.1343247399875072
0.1548076211353317,-0.33186533479473207,-1.1343247399875072
0.1548076211353317,-0.33186533479473207,-1.1343247399875072
0.1548076211353317,-0.33186533479473207,-1.1343247399875072
0.1548076211353317,-0.33186533479473207,-1.1343247399875072
0.1548076211353317,-0.33186533479473207,-1.1343247399875072
0.1548076211353317,-0.33186533479473207,-1.1343247399875072
0.1548076211353317,-0.33186533479473207,-1.1343247399875072
0.1548076211353317,-0.33186533479473207,-1.1343247399875072
0.16499999999999979,0.28578838324886485,-5.235987755982988
0.16499999999999979,0.28578838324886485,-5.235987755982988
0.16499999999999979,0.28578838324886485,-5.235987755982988
0.16499999999999979,0.28578838324886485,-5.235987755982988
0.16499999999999979,0.28578838324886485,-5.235987755982988
0.16499999999999979,0.28578838324886485,-5.235987755982988
0.16499999999999979,0.28578838324886485,-5.235987755982988
0.16499999999999979,0.28578838324886485,-5.235987755982988
0.16499999999999979,0.28578838324886485,-5.235987755982988
0.16499999999999979,0.28578838324886485,-5.235987755982988
0.16499999999999979,0.28578838324886485,-5.235987755982988
0.22088457268119896,0.022583302491977084,0.10188626464093042
0.22088457268119896,0.022583302491977084,0.10188626464093042
0.22088457268119896,0.022583302491977084,0.10188626464093042
0.22088457268119896,0.022583302491977084,0.10188626464093042
0.22088457268119896,0.022583302491977084,0.10188626464093042
0.22088457268119896,0.022583302491977084,0.10188626464093042
0.22088457268119896,0.022583302491977084,0.10188626464093042
0.22088457268119896,0.022583302491977084,0.10188626464093042
0.22088457268119896,0.022583302491977084,0.10188626464093042
0.22088457268119896,0.022583302491977084,0.10188626464093042
0.22088457268119896,0.022583302491977084,0.10188626464093042
0.22088457268119896,0.022583302491977084,0.10188626464093042
0.26294228634059946,0.27542939940024236,0.808588228688397
0.26294228634059946,0.27542939940024236,0.808588228688397
0.26294228634059946,0.27542939940024236,0.808588228688397
0.26294228634059946,0.27542939940024236,0.808588228688397
0.26294228634059946,0.27542939940024236,0.808588228688397
0.26294228634059946,0.27542939940024236,0.808588228688397
0.26294228634059946,0.27542939940024236,0.808588228688397
0.26294228634059946,0.27542939940024236,0.808588228688397
0.26294228634059946,0.27542939940024236,0.808588228688397
0.26294228634059946,0.27542939940024236,0.808588228688397
0.26294228634059946,0.27542939940024236,0.808588228688397
0.24892304845413263,0.1911473670974872,0.654857406981082
0.24892304845413263,0.1911473670974872,0.654857406981082
0.24892304845413263,0.1911473670974872,0.654857406981082
0.24892304845413263,0.1911473670974872,0.654857406981082
0.24892304845413263,0.1911473670974872,0.654857406981082
0.24892304845413263,0.1911473670974872,0.654857406981082
0.24892304845413263,0.1911473670974872,0.654857406981082
0.11535898384862232,0.27980762113533164,-5.103436223686314
0.11535898384862232,0.27980762113533164,-5.103436223686314
0.11535898384862232,0.27980762113533164,-5.103436223686314
0.11535898384862232,0.27980762113533164,-5.103436223686314
0.11535898384862232,0.27980762113533164,-5.103436223686314
0.11535898384862232,0.27980762113533164,-5.103436223686314
0.11535898384862232,0.27980762113533164,-5.103436223686314
0.11535898384862232,0.27980762113533164,-5.103436223686314
0.11535898384862232,0.27980762113533164,-5.103436223686314
0.11535898384862232,0.27980762113533164,-5.103436223686314
0.10571796769724476,0.3431088913245535,-5.011276587568346
0.10571796769724476,0.3431088913245535,-5.011276587568346
0.10571796769724476,0.3431088913245535,-5.011276587568346
0.10571796769724476,0.3431088913245535,-5.011276587568346
0.10571796769724476,0.3431088913245535,-5.011276587568346
0.10571796769724476,0.3431088913245535,-5.011276587568346
0.21535898384862212,0.45301270189221954,-5.156157770270751
0.21535898384862212,0.45301270189221954,-5.156157770270751
0.21535898384862212,0.45301270189221954,-5.156157770270751
0.21535898384862212,0.45301270189221954,-5.156157770270751
0.21535898384862212,0.45301270189221954,-5.156157770270751
0.21535898384862212,0.45301270189221954,-5.156157770270751
0.21535898384862212,0.45301270189221954,-5.156157770270751
0.21535898384862212,0.45301270189221954,-5.156157770270751
0.21535898384862212,0.45301270189221954,-5.156157770270751
0.017775681356645548,0.37078838324886476,-4.760292537127997
0.017775681356645548,0.37078838324886476,-4.760292537127997
0.017775681356645548,0.37078838324886476,-4.760292537127997
0.017775681356645548,0.37078838324886476,-4.760292537127997
0.017775681356645548,0.37078838324886476,-4.760292537127997
0.017775681356645548,0.37078838324886476,-4.760292537127997
0.017775681356645548,0.37078838324886476,-4.760292537127997
0.017775681356645548,0.37078838324886476,-4.760292537127997
0.017775681356645548,0.37078838324886476,-4.760292537127997
0.017775681356645548,0.37078838324886476,-4.760292537127997
0.017775681356645548,0.37078838324886476,-4.760292537127997
0.08267949192431129,0.1832050807568877,-5.136319103491827
0.08267949192431129,0.1832050807568877,-5.136319103491827
0.08267949192431129,0.1832050807568877,-5.136319103491827
0.08267949192431129,0.1832050807568877,-5.136319103491827
0.08267949192431129,0.1832050807568877,-5.136319103491827
0.08267949192431129,0.1832050807568877,-5.136319103491827
0.08267949192431129,0.1832050807568877,-5.136319103491827
0.08267949192431129,0.1832050807568877,-5.136319103491827
0.08267949192431129,0.1832050807568877,-5.136319103491827
0.08267949192431129,0.1832050807568877,-5.136319103491827
0.2266025403784438,0.1924871130596429,0.7041736107758947
0.2266025403784438,0.1924871130596429,0.7041736107758947
0.2266025403784438,0.1924871130596429,0.7041736107758947
0.2266025403784438,0.1924871130596429,0.7041736107758947
0.2266025403784438,0.1924871130596429,0.7041736107758947
0.2266025403784438,0.1924871130596429,0.7041736107758947
0.2266025403784438,0.1924871130596429,0.7041736107758947
0.23392304845413256,0.16516660498395414,0.6147897756260603
0.23392304845413256,0.16516660498395414,0.6147897756260603
0.23392304845413256,0.16516660498395414,0.6147897756260603
0.23392304845413256,0.16516660498395414,0.6147897756260603
0.23392304845413256,0.16516660498395414,0.6147897756260603
0.23392304845413256,0.16516660498395414,0.6147897756260603
0.23392304845413256,0.16516660498395414,0.6147897756260603
0.16428203230275507,0.1245448267190434,0.6486751055301778
0.16428203230275507,0.1245448267190434,0.6486751055301778
0.16428203230275507,0.1245448267190434,0.6486751055301778
0.16428203230275507,0.1245448267190434,0.6486751055301778
0.16428203230275507,0.1245448267190434,0.6486751055301778
0.16428203230275507,0.1245448267190434,0.6486751055301778
0.16428203230275507,0.1245448267190434,0.6486751055301778
0.16428203230275507,0.1245448267190434,0.6486751055301778
0.16428203230275507,0.1245448267190434,0.6486751055301778
0.16428203230275507,0.1245448267190434,0.6486751055301778
0.16428203230275507,0.1245448267190434,0.6486751055301778
0.16428203230275507,0.1245448267190434,0.6486751055301778
0.1269615242270663,0.0999038105676658,0.666691174084233
0.1269615242270663,0.0999038105676658,0.666691174084233
0.1269615242270663,0.0999038105676658,0.666691174084233
0.1269615242270663,0.0999038105676658,0.666691174084233
0.1269615242270663,0.0999038105676658,0.666691174084233
0.1269615242270663,0.0999038105676658,0.666691174084233
0.1269615242270663,0.0999038105676658,0.666691174084233
0.1269615242270663,0.0999038105676658,0.666691174084233
0.1269615242270663,0.0999038105676658,0.666691174084233
0.1269615242270663,0.0999038105676658,0.666691174084233
0.1269615242270663,0.0999038105676658,0.666691174084233
0.1269615242270663,0.0999038105676658,0.666691174084233
0.1269615242270663,0.0999038105676658,0.666691174084233
0.19614736709748726,-0.24026279441628823,-0.8861430128628063
0.19614736709748726,-0.24026279441628823,-0.8861430128628063
0.19614736709748726,-0.24026279441628823,-0.8861430128628063
0.19614736709748726,-0.24026279441628823,-0.8861430128628063
0.19614736709748726,-0.24026279441628823,-0.8861430128628063
0.19614736709748726,-0.24026279441628823,-0.8861430128628063
0.19614736709748726,-0.24026279441628823,-0.8861430128628063
0.1319615242270663,0.1085640646055102,0.6884268809260257
0.1319615242270663,0.1085640646055102,0.6884268809260257
0.1319615242270663,0.1085640646055102,0.6884268809260257
0.1319615242270663,0.1085640646055102,0.6884268809260257
0.1319615242270663,0.1085640646055102,0.6884268809260257
0.1319615242270663,0.1085640646055102,0.6884268809260257
0.1319615242270663,0.1085640646055102,0.6884268809260257
0.1319615242270663,0.1085640646055102,0.6884268809260257
0.1319615242270663,0.1085640646055102,0.6884268809260257
0.1319615242270663,0.1085640646055102,0.6884268809260257
0.1319615242270663,0.1085640646055102,0.6884268809260257
0.1319615242270663,0.1085640646055102,0.6884268809260257
0.21535898384862212,0.45301270189221954,-5.156157770270751
0.21535898384862212,0.45301270189221954,-5.156157770270751
0.21535898384862212,0.45301270189221954,-5.156157770270751
0.21535898384862212,0.45301270189221954,-5.156157770270751
0.21535898384862212,0.45301270189221954,-5.156157770270751
0.21535898384862212,0.45301270189221954,-5.156157770270751
0.21535898384862212,0.45301270189221954,-5.156157770270751
0.21535898384862212,0.45301270189221954,-5.156157770270751
0.21535898384862212,0.45301270189221954,-5.156157770270751
0.21535898384862212,0.45301270189221954,-5.156157770270751
0.21535898384862212,0.45301270189221954,-5.156157770270751
0.19052558883257653,-0.10999999999999996,-0.5235987755982987
0.19052558883257653,-0.10999999999999996,-0.5235987755982987
0.19052558883257653,-0.10999999999999996,-0.5235987755982987
0.19052558883257653,-0.10999999999999996,-0.5235987755982987
0.19052558883257653,-0.10999999999999996,-0.5235987755982987
0.19052558883257653,-0.10999999999999996,-0.5235987755982987
0.19052558883257653,-0.10999999999999996,-0.5235987755982987
0.19052558883257653,-0.10999999999999996,-0.5235987755982987
0.19052558883257653,-0.10999999999999996,-0.5235987755982987
0.19052558883257653,-0.10999999999999996,-0.5235987755982987
0.15026279441628823,0.04026279441628827,0.2617993877991496
0.15026279441628823,0.04026279441628827,0.2617993877991496
0.15026279441628823,0.04026279441628827,0.2617993877991496
0.15026279441628823,0.04026279441628827,0.2617993877991496
0.15026279441628823,0.04026279441628827,0.2617993877991496
0.15026279441628823,0.04026279441628827,0.2617993877991496
0.15026279441628823,0.04026279441628827,0.2617993877991496
0.15026279441628823,0.04026279441628827,0.2617993877991496
0.15026279441628823,0.04026279441628827,0.2617993877991496
0.15026279441628823,0.04026279441628827,0.2617993877991496
0.15026279441628823,0.04026279441628827,0.2617993877991496
0.15026279441628823,0.04026279441628827,0.2617993877991496
0.15026279441628823,0.04026279441628827,0.2617993877991496
0.15026279441628823,0.04026279441628827,0.2617993877991496
0.16803847577293374,0.411051177665153,-5.100460041997488
0.16803847577293374,0.411051177665153,-5.100460041997488
0.16803847577293374,0.411051177665153,-5.100460041997488
0.16803847577293374,0.411051177665153,-5.100460041997488
0.16803847577293374,0.411051177665153,-5.100460041997488
0.16803847577293374,0.411051177665153,-5.100460041997488
0.16803847577293374,0.411051177665153,-5.100460041997488
0.16803847577293374,0.411051177665153,-5.100460041997488
0.16803847577293374,0.411051177665153,-5.100460041997488
0.16803847577293374,0.411051177665153,-5.100460041997488
0.16803847577293374,0.411051177665153,-5.100460041997488
0.16803847577293374,0.411051177665153,-5.100460041997488
0.16803847577293374,0.411051177665153,-5.100460041997488
0.16803847577293374,0.411051177665153,-5.100460041997488
0.16803847577293374,0.411051177665153,-5.100460041997488
0.15366025403784433,0.24614736709748722,1.01272845019709
0.15366025403784433,0.24614736709748722,1.01272845019709
0.15366025403784433,0.24614736709748722,1.01272845019709
0.15366025403784433,0.24614736709748722,1.01272845019709
0.15366025403784433,0.24614736709748722,1.01272845019709
0.15366025403784433,0.24614736709748722,1.01272845019709
0.15366025403784433,0.24614736709748722,1.01272845019709
0.15366025403784433,0.24614736709748722,1.01272845019709
0.15366025403784433,0.24614736709748722,1.01272845019709
0.15366025403784433,0.24614736709748722,1.01272845019709
0.15366025403784433,0.24614736709748722,1.01272845019709
0.15366025403784433,0.24614736709748722,1.01272845019709
0.2466025403784438,0.22712812921102046,0.7443126828216267
0.2466025403784438,0.22712812921102046,0.7443126828216267
0.2466025403784438,0.22712812921102046,0.7443126828216267
0.2466025403784438,0.22712812921102046,0.7443126828216267
0.2466025403784438,0.22712812921102046,0.7443126828216267
0.2466025403784438,0.22712812921102046,0.7443126828216267
0.2466025403784438,0.22712812921102046,0.7443126828216267
0.2466025403784438,0.22712812921102046,0.7443126828216267
0.2466025403784438,0.22712812921102046,0.7443126828216267
0.2466025403784438,0.22712812921102046,0.7443126828216267
0.2466025403784438,0.22712812921102046,0.7443126828216267
0.2466025403784438,0.22712812921102046,0.7443126828216267
0.2466025403784438,0.22712812921102046,0.7443126828216267
0.09856406460551019,-0.14928203230275508,-0.9872463845991049
0.09856406460551019,-0.14928203230275508,-0.9872463845991049
0.09856406460551019,-0.14928203230275508,-0.9872463845991049
0.09856406460551019,-0.14928203230275508,-0.9872463845991049
0.09856406460551019,-0.14928203230275508,-0.9872463845991049
0.09856406460551019,-0.14928203230275508,-0.9872463845991049
0.09856406460551019,-0.14928203230275508,-0.9872463845991049
0.09856406460551019,-0.14928203230275508,-0.9872463845991049
0.09856406460551019,-0.14928203230275508,-0.9872463845991049
0.09856406460551019,-0.14928203230275508,-0.9872463845991049
0.09856406460551019,-0.14928203230275508,-0.9872463845991049
0.09856406460551019,-0.14928203230275508,-0.9872463845991049
0.09856406460551019,-0.14928203230275508,-0.9872463845991049
0.09856406460551019,-0.14928203230275508,-0.9872463845991049
0.22160254037844385,0.18382685902179843,0.6924918991856575
0.22160254037844385,0.18382685902179843,0.6924918991856575
0.22160254037844385,0.18382685902179843,0.6924918991856575
0.22160254037844385,0.18382685902179843,0.6924918991856575
0.22160254037844385,0.18382685902179843,0.6924918991856575
0.22160254037844385,0.18382685902179843,0.6924918991856575
0.22160254037844385,0.18382685902179843,0.6924918991856575
0.22160254037844385,0.18382685902179843,0.6924918991856575
0.22160254037844385,0.18382685902179843,0.6924918991856575
0.22160254037844385,0.18382685902179843,0.6924918991856575
0.22160254037844385,0.18382685902179843,0.6924918991856575
-0.18274990747593098,0.463467875173176,-4.336797585441833
-0.18274990747593098,0.463467875173176,-4.336797585441833
-0.18274990747593098,0.463467875173176,-4.336797585441833
-0.18274990747593098,0.463467875173176,-4.336797585441833
-0.18274990747593098,0.463467875173176,-4.336797585441833
-0.18274990747593098,0.463467875173176,-4.336797585441833
-0.18274990747593098,0.463467875173176,-4.336797585441833
-0.18274990747593098,0.463467875173176,-4.336797585441833
-0.18274990747593098,0.463467875173176,-4.336797585441833
-0.18274990747593098,0.463467875173176,-4.336797585441833
-0.18274990747593098,0.463467875173176,-4.336797585441833
-0.06516660498395402,0.40712812921102043,-4.553671201108241
-0.06516660498395402,0.40712812921102043,-4.553671201108241
-0.06516660498395402,0.40712812921102043,-4.553671201108241
-0.06516660498395402,0.40712812921102043,-4.553671201108241
-0.06516660498395402,0.40712812921102043,-4.553671201108241
-0.06516660498395402,0.40712812921102043,-4.553671201108241
-0.06516660498395402,0.40712812921102043,-4.553671201108241
-0.06516660498395402,0.40712812921102043,-4.553671201108241
-0.06516660498395402,0.40712812921102043,-4.553671201108241
-0.06516660498395402,0.40712812921102043,-4.553671201108241
-0.06516660498395402,0.40712812921102043,-4.553671201108241
-0.06516660498395402,0.40712812921102043,-4.553671201108241
-0.06516660498395402,0.40712812921102043,-4.553671201108241
-0.06516660498395402,0.40712812921102043,-4.553671201108241
-0.06516660498395402,0.40712812921102043,-4.553671201108241
-0.06516660498395402,0.40712812921102043,-4.553671201108241
-0.06516660498395402,0.40712812921102043,-4.553671201108241
-0.06516660498395402,0.40712812921102043,-4.553671201108241
-0.02480762113533183,0.5570319397786861,-4.667883023508561
-0.02480762113533183,0.5570319397786861,-4.667883023508561
-0.02480762113533183,0.5570319397786861,-4.667883023508561
-0.02480762113533183,0.5570319397786861,-4.667883023508561
-0.02480762113533183,0.5570319397786861,-4.667883023508561
-0.02480762113533183,0.5570319397786861,-4.667883023508561
-0.02480762113533183,0.5570319397786861,-4.667883023508561
-0.02480762113533183,0.5570319397786861,-4.667883023508561
-0.02480762113533183,0.5570319397786861,-4.667883023508561
-0.02480762113533183,0.5570319397786861,-4.667883023508561
-0.02480762113533183,0.5570319397786861,-4.667883023508561
-0.02480762113533183,0.5570319397786861,-4.667883023508561
0.22705771365940053,0.5732754963085076,-5.0895035775894275
0.22705771365940053,0.5732754963085076,-5.0895035775894275
0.22705771365940053,0.5732754963085076,-5.0895035775894275
0.22705771365940053,0.5732754963085076,-5.0895035775894275
0.22705771365940053,0.5732754963085076,-5.0895035775894275
0.22705771365940053,0.5732754963085076,-5.0895035775894275
0.22705771365940053,0.5732754963085076,-5.0895035775894275
0.22705771365940053,0.5732754963085076,-5.0895035775894275
0.22705771365940053,0.5732754963085076,-5.0895035775894275
0.22705771365940053,0.5732754963085076,-5.0895035775894275
0.22705771365940053,0.5732754963085076,-5.0895035775894275
0.22705771365940053,0.5732754963085076,-5.0895035775894275
0.22705771365940053,0.5732754963085076,-5.0895035775894275
0.22705771365940053,0.5732754963085076,-5.0895035775894275
0.22705771365940053,0.5732754963085076,-5.0895035775894275
-0.025621778264910692,0.09562177826491071,-4.4505895925855405
-0.025621778264910692,0.09562177826491071,-4.4505895925855405
-0.025621778264910692,0.09562177826491071,-4.4505895925855405
-0.025621778264910692,0.09562177826491071,-4.4505895925855405
-0.025621778264910692,0.09562177826491071,-4.4505895925855405
-0.025621778264910692,0.09562177826491071,-4.4505895925855405
-0.025621778264910692,0.09562177826491071,-4.4505895925855405
-0.025621778264910692,0.09562177826491071,-4.4505895925855405
-0.025621778264910692,0.09562177826491071,-4.4505895925855405
-0.025621778264910692,0.09562177826491071,-4.4505895925855405
-0.025621778264910692,0.09562177826491071,-4.4505895925855405
-0.025621778264910692,0.09562177826491071,-4.4505895925855405
-0.025621778264910692,0.09562177826491071,-4.4505895925855405
-0.025621778264910692,0.09562177826491071,-4.4505895925855405
0.1630384757729335,0.4023909236273087,-5.09734801884883
0.1630384757729335,0.4023909236273087,-5.09734801884883
0.1630384757729335,0.4023909236273087,-5.09734801884883
0.1630384757729335,0.4023909236273087,-5.09734801884883
0.1630384757729335,0.4023909236273087,-5.09734801884883
0.1630384757729335,0.4023909236273087,-5.09734801884883
0.1630384757729335,0.4023909236273087,-5.09734801884883
0.1630384757729335,0.4023909236273087,-5.09734801884883
0.1630384757729335,0.4023909236273087,-5.09734801884883
0.1630384757729335,0.4023909236273087,-5.09734801884883
0.1630384757729335,0.4023909236273087,-5.09734801884883
0.3889230484541325,0.43363448015713013,0.8397013247613954
0.3889230484541325,0.43363448015713013,0.8397013247613954
0.3889230484541325,0.43363448015713013,0.8397013247613954
0.3889230484541325,0.43363448015713013,0.8397013247613954
0.3889230484541325,0.43363448015713013,0.8397013247613954
0.3889230484541325,0.43363448015713013,0.8397013247613954
0.3889230484541325,0.43363448015713013,0.8397013247613954
0.3889230484541325,0.43363448015713013,0.8397013247613954
0.3889230484541325,0.43363448015713013,0.8397013247613954
0.3889230484541325,0.43363448015713013,0.8397013247613954
0.3889230484541325,0.43363448015713013,0.8397013247613954
0.3889230484541325,0.43363448015713013,0.8397013247613954
0.06901923788646687,0.17954482671904334,-5.079385879000974
0.06901923788646687,0.17954482671904334,-5.079385879000974
0.06901923788646687,0.17954482671904334,-5.079385879000974
0.06901923788646687,0.17954482671904334,-5.079385879000974
0.06901923788646687,0.17954482671904334,-5.079385879000974
0.06901923788646687,0.17954482671904334,-5.079385879000974
0.06901923788646687,0.17954482671904334,-5.079385879000974
0.06901923788646687,0.17954482671904334,-5.079385879000974
0.06901923788646687,0.17954482671904334,-5.079385879000974
0.06901923788646687,0.17954482671904334,-5.079385879000974
0.06901923788646687,0.17954482671904334,-5.079385879000974
0.06901923788646687,0.17954482671904334,-5.079385879000974
0.06901923788646687,0.17954482671904334,-5.079385879000974
0.06901923788646687,0.17954482671904334,-5.079385879000974
0.06901923788646687,0.17954482671904334,-5.079385879000974
0.06901923788646687,0.17954482671904334,-5.079385879000974
0.551769145362398,0.2356921938165307,0.4036964424033136
0.551769145362398,0.2356921938165307,0.4036964424033136
0.551769145362398,0.2356921938165307,0.4036964424033136
0.551769145362398,0.2356921938165307,0.4036964424033136
0.551769145362398,0.2356921938165307,0.4036964424033136
0.551769145362398,0.2356921938165307,0.4036964424033136
0.551769145362398,0.2356921938165307,0.4036964424033136
0.551769145362398,0.2356921938165307,0.4036964424033136
0.551769145362398,0.2356921938165307,0.4036964424033136
0.551769145362398,0.2356921938165307,0.4036964424033136
0.551769145362398,0.2356921938165307,0.4036964424033136
0.551769145362398,0.2356921938165307,0.4036964424033136
0.551769145362398,0.2356921938165307,0.4036964424033136
0.551769145362398,0.2356921938165307,0.4036964424033136
0.551769145362398,0.2356921938165307,0.4036964424033136
0.551769145362398,0.2356921938165307,0.4036964424033136
0.018852632902512607,0.6126537180435969,-4.743151358989388
0.018852632902512607,0.6126537180435969,-4.743151358989388
0.018852632902512607,0.6126537180435969,-4.743151358989388
0.018852632902512607,0.6126537180435969,-4.743151358989388
0.018852632902512607,0.6126537180435969,-4.743151358989388
0.018852632902512607,0.6126537180435969,-4.743151358989388
0.018852632902512607,0.6126537180435969,-4.743151358989388
0.018852632902512607,0.6126537180435969,-4.743151358989388
0.018852632902512607,0.6126537180435969,-4.743151358989388
0.018852632902512607,0.6126537180435969,-4.743151358989388
0.018852632902512607,0.6126537180435969,-4.743151358989388
0.018852632902512607,0.6126537180435969,-4.743151358989388
0.018852632902512607,0.6126537180435969,-4.743151358989388
0.018852632902512607,0.6126537180435969,-4.743151358989388
0.018852632902512607,0.6126537180435969,-4.743151358989388
0.21669872981077823,0.47533320996790807,-5.140128608872976
0.21669872981077823,0.47533320996790807,-5.140128608872976
0.21669872981077823,0.47533320996790807,-5.140128608872976
0.21669872981077823,0.47533320996790807,-5.140128608872976
0.21669872981077823,0.47533320996790807,-5.140128608872976
0.21669872981077823,0.47533320996790807,-5.140128608872976
0.21669872981077823,0.47533320996790807,-5.140128608872976
0.21669872981077823,0.47533320996790807,-5.140128608872976
0.21669872981077823,0.47533320996790807,-5.140128608872976
0.21669872981077823,0.47533320996790807,-5.140128608872976
0.21669872981077823,0.47533320996790807,-5.140128608872976
0.21669872981077823,0.47533320996790807,-5.140128608872976
0.21669872981077823,0.47533320996790807,-5.140128608872976
0.5865063509461096,0.5158587988004846,0.7213984359239274
0.5865063509461096,0.5158587988004846,0.7213984359239274
0.5865063509461096,0.5158587988004846,0.7213984359239274
0.5865063509461096,0.5158587988004846,0.7213984359239274
0.5865063509461096,0.5158587988004846,0.7213984359239274
0.5865063509461096,0.5158587988004846,0.7213984359239274
0.5865063509461096,0.5158587988004846,0.7213984359239274
0.5865063509461096,0.5158587988004846,0.7213984359239274
0.5865063509461096,0.5158587988004846,0.7213984359239274
0.5865063509461096,0.5158587988004846,0.7213984359239274
0.5865063509461096,0.5158587988004846,0.7213984359239274
0.5865063509461096,0.5158587988004846,0.7213984359239274
0.5865063509461096,0.5158587988004846,0.7213984359239274
0.5865063509461096,0.5158587988004846,0.7213984359239274
0.2506217782649106,0.2940896534380867,0.8650292407238345
0.2506217782649106,0.2940896534380867,0.8650292407238345
0.2506217782649106,0.2940896534380867,0.8650292407238345
0.2506217782649106,0.2940896534380867,0.8650292407238345
0.2506217782649106,0.2940896534380867,0.8650292407238345
0.2506217782649106,0.2940896534380867,0.8650292407238345
0.2506217782649106,0.2940896534380867,0.8650292407238345
0.2506217782649106,0.2940896534380867,0.8650292407238345
0.2506217782649106,0.2940896534380867,0.8650292407238345
0.2506217782649106,0.2940896534380867,0.8650292407238345
0.2506217782649106,0.2940896534380867,0.8650292407238345
0.2506217782649106,0.2940896534380867,0.8650292407238345
0.2506217782649106,0.2940896534380867,0.8650292407238345
0.25921124122176775,0.3925678698317917,0.9872167240568701
0.25921124122176775,0.3925678698317917,0.9872167240568701
0.25921124122176775,0.3925678698317917,0.9872167240568701
0.25921124122176775,0.3925678698317917,0.9872167240568701
0.25921124122176775,0.3925678698317917,0.9872167240568701
0.25921124122176775,0.3925678698317917,0.9872167240568701
0.25921124122176775,0.3925678698317917,0.9872167240568701
0.25921124122176775,0.3925678698317917,0.9872167240568701
0.25921124122176775,0.3925678698317917,0.9872167240568701
0.25921124122176775,0.3925678698317917,0.9872167240568701
0.3619237784082639,0.09752527171295623,0.26321178130087697
0.3619237784082639,0.09752527171295623,0.26321178130087697
0.3619237784082639,0.09752527171295623,0.26321178130087697
0.3619237784082639,0.09752527171295623,0.26321178130087697
0.3619237784082639,0.09752527171295623,0.26321178130087697
0.3619237784082639,0.09752527171295623,0.26321178130087697
0.3619237784082639,0.09752527171295623,0.26321178130087697
0.3619237784082639,0.09752527171295623,0.26321178130087697
0.3619237784082639,0.09752527171295623,0.26321178130087697
0.3619237784082639,0.09752527171295623,0.26321178130087697
0.07844223297717817,-0.025432579215527863,-0.3135266975113211
0.07844223297717817,-0.025432579215527863,-0.3135266975113211
0.07844223297717817,-0.025432579215527863,-0.3135266975113211
0.07844223297717817,-0.025432579215527863,-0.3135266975113211
0.07844223297717817,-0.025432579215527863,-0.3135266975113211
0.07844223297717817,-0.025432579215527863,-0.3135266975113211
0.07844223297717817,-0.025432579215527863,-0.3135266975113211
0.07844223297717817,-0.025432579215527863,-0.3135266975113211
0.07844223297717817,-0.025432579215527863,-0.3135266975113211
0.07844223297717817,-0.025432579215527863,-0.3135266975113211
0.07844223297717817,-0.025432579215527863,-0.3135266975113211
0.07844223297717817,-0.025432579215527863,-0.3135266975113211
0.07844223297717817,-0.025432579215527863,-0.3135266975113211
0.19476733168003668,0.4100800976763425,-5.155796101246144
0.19476733168003668,0.4100800976763425,-5.155796101246144
0.19476733168003668,0.4100800976763425,-5.155796101246144
0.19476733168003668,0.4100800976763425,-5.155796101246144
0.19476733168003668,0.4100800976763425,-5.155796101246144
0.19476733168003668,0.4100800976763425,-5.155796101246144
0.19476733168003668,0.4100800976763425,-5.155796101246144
0.19476733168003668,0.4100800976763425,-5.155796101246144
0.19476733168003668,0.4100800976763425,-5.155796101246144
0.19476733168003668,0.4100800976763425,-5.155796101246144
0.19476733168003668,0.4100800976763425,-5.155796101246144
0.19476733168003668,0.4100800976763425,-5.155796101246144
0.19476733168003668,0.4100800976763425,-5.155796101246144
0.19476733168003668,0.4100800976763425,-5.155796101246144
0.19476733168003668,0.4100800976763425,-5.155796101246144
0.1791367647636605,0.30134700846367957,-5.248720143656497
0.1791367647636605,0.30134700846367957,-5.248720143656497
0.1791367647636605,0.30134700846367957,-5.248720143656497
0.1791367647636605,0.30134700846367957,-5.248720143656497
0.1791367647636605,0.30134700846367957,-5.248720143656497
0.1791367647636605,0.30134700846367957,-5.248720143656497
0.1791367647636605,0.30134700846367957,-5.248720143656497
0.1791367647636605,0.30134700846367957,-5.248720143656497
0.1791367647636605,0.30134700846367957,-5.248720143656497
0.1791367647636605,0.30134700846367957,-5.248720143656497
0.1791367647636605,0.30134700846367957,-5.248720143656497
0.1791367647636605,0.30134700846367957,-5.248720143656497
0.1791367647636605,0.30134700846367957,-5.248720143656497
0.1791367647636605,0.30134700846367957,-5.248720143656497
0.1791367647636605,0.30134700846367957,-5.248720143656497
0.1791367647636605,0.30134700846367957,-5.248720143656497
0.1791367647636605,0.30134700846367957,-5.248720143656497
0.2728609333691223,0.40712026606511664,-5.302848887896166
0.2728609333691223,0.40712026606511664,-5.302848887896166
0.2728609333691223,0.40712026606511664,-5.302848887896166
0.2728609333691223,0.40712026606511664,-5.302848887896166
0.2728609333691223,0.40712026606511664,-5.302848887896166
0.2728609333691223,0.40712026606511664,-5.302848887896166
0.2728609333691223,0.40712026606511664,-5.302848887896166
0.2728609333691223,0.40712026606511664,-5.302848887896166
0.2728609333691223,0.40712026606511664,-5.302848887896166
0.2728609333691223,0.40712026606511664,-5.302848887896166
0.2728609333691223,0.40712026606511664,-5.302848887896166
0.2728609333691223,0.40712026606511664,-5.302848887896166
0.2728609333691223,0.40712026606511664,-5.302848887896166
0.2754999688379128,0.43023222469999745,-5.2819516883869255
0.2754999688379128,0.43023222469999745,-5.2819516883869255
0.2754999688379128,0.43023222469999745,-5.2819516883869255
0.2754999688379128,0.43023222469999745,-5.2819516883869255
0.2754999688379128,0.43023222469999745,-5.2819516883869255
0.2754999688379128,0.43023222469999745,-5.2819516883869255
0.2754999688379128,0.43023222469999745,-5.2819516883869255
0.2754999688379128,0.43023222469999745,-5.2819516883869255
0.2754999688379128,0.43023222469999745,-5.2819516883869255
0.2754999688379128,0.43023222469999745,-5.2819516883869255
0.2754999688379128,0.43023222469999745,-5.2819516883869255
0.2754999688379128,0.43023222469999745,-5.2819516883869255
0.2754999688379128,0.43023222469999745,-5.2819516883869255
0.2754999688379128,0.43023222469999745,-5.2819516883869255
0.01995354071827197,0.3016651392070424,-4.778437438049858
0.01995354071827197,0.3016651392070424,-4.778437438049858
0.01995354071827197,0.3016651392070424,-4.778437438049858
0.01995354071827197,0.3016651392070424,-4.778437438049858
0.01995354071827197,0.3016651392070424,-4.778437438049858
0.01995354071827197,0.3016651392070424,-4.778437438049858
0.01995354071827197,0.3016651392070424,-4.778437438049858
0.01995354071827197,0.3016651392070424,-4.778437438049858
0.01995354071827197,0.3016651392070424,-4.778437438049858
0.01995354071827197,0.3016651392070424,-4.778437438049858
0.01995354071827197,0.3016651392070424,-4.778437438049858
0.01995354071827197,0.3016651392070424,-4.778437438049858
0.01995354071827197,0.3016651392070424,-4.778437438049858
0.3179544193544936,0.1542886490087551,0.45178135865915037
0.3179544193544936,0.1542886490087551,0.45178135865915037
0.3179544193544936,0.1542886490087551,0.45178135865915037
0.3179544193544936,0.1542886490087551,0.45178135865915037
0.3179544193544936,0.1542886490087551,0.45178135865915037
0.3179544193544936,0.1542886490087551,0.45178135865915037
0.3179544193544936,0.1542886490087551,0.45178135865915037
0.3179544193544936,0.1542886490087551,0.45178135865915037
0.3179544193544936,0.1542886490087551,0.45178135865915037
0.3179544193544936,0.1542886490087551,0.45178135865915037
0.3179544193544936,0.1542886490087551,0.45178135865915037
0.3179544193544936,0.1542886490087551,0.45178135865915037
0.3179544193544936,0.1542886490087551,0.45178135865915037
0.17637542950115062,0.6613559615428628,-4.973010909064969
0.17637542950115062,0.6613559615428628,-4.973010909064969
0.17637542950115062,0.6613559615428628,-4.973010909064969
0.17637542950115062,0.6613559615428628,-4.973010909064969
0.17637542950115062,0.6613559615428628,-4.973010909064969
0.17637542950115062,0.6613559615428628,-4.973010909064969
0.17637542950115062,0.6613559615428628,-4.973010909064969
0.17637542950115062,0.6613559615428628,-4.973010909064969
0.17637542950115062,0.6613559615428628,-4.973010909064969
0.17637542950115062,0.6613559615428628,-4.973010909064969
0.17637542950115062,0.6613559615428628,-4.973010909064969
0.1926276441475389,0.5128299822652427,-5.071700446256755
0.1926276441475389,0.5128299822652427,-5.071700446256755
0.1926276441475389,0.5128299822652427,-5.071700446256755
0.1926276441475389,0.5128299822652427,-5.071700446256755
0.1926276441475389,0.5128299822652427,-5.071700446256755
0.1926276441475389,0.5128299822652427,-5.071700446256755
0.1926276441475389,0.5128299822652427,-5.071700446256755
0.1926276441475389,0.5128299822652427,-5.071700446256755
0.1926276441475389,0.5128299822652427,-5.071700446256755
0.1926276441475389,0.5128299822652427,-5.071700446256755
0.1926276441475389,0.5128299822652427,-5.071700446256755
0.1926276441475389,0.5128299822652427,-5.071700446256755
0.10171643637649895,0.3290194015113176,-5.012219232661618
0.10171643637649895,0.3290194015113176,-5.012219232661618
0.10171643637649895,0.3290194015113176,-5.012219232661618
0.10171643637649895,0.3290194015113176,-5.012219232661618
0.10171643637649895,0.3290194015113176,-5.012219232661618
0.10171643637649895,0.3290194015113176,-5.012219232661618
0.10171643637649895,0.3290194015113176,-5.012219232661618
0.10171643637649895,0.3290194015113176,-5.012219232661618
0.10171643637649895,0.3290194015113176,-5.012219232661618
0.10171643637649895,0.3290194015113176,-5.012219232661618
0.10171643637649895,0.3290194015113176,-5.012219232661618
0.10171643637649895,0.3290194015113176,-5.012219232661618
0.10171643637649895,0.3290194015113176,-5.012219232661618
0.10171643637649895,0.3290194015113176,-5.012219232661618
0.10171643637649895,0.3290194015113176,-5.012219232661618
0.10171643637649895,0.3290194015113176,-5.012219232661618
0.10171643637649895,0.3290194015113176,-5.012219232661618
0.2329752600717038,0.4283952943188359,-5.210484695323725
0.2329752600717038,0.4283952943188359,-5.210484695323725
0.2329752600717038,0.4283952943188359,-5.210484695323725
0.2329752600717038,0.4283952943188359,-5.210484695323725
0.2329752600717038,0.4283952943188359,-5.210484695323725
0.2329752600717038,0.4283952943188359,-5.210484695323725
0.2329752600717038,0.4283952943188359,-5.210484695323725
0.2329752600717038,0.4283952943188359,-5.210484695323725
0.2329752600717038,0.4283952943188359,-5.210484695323725
0.2329752600717038,0.4283952943188359,-5.210484695323725
0.2329752600717038,0.4283952943188359,-5.210484695323725
0.2329752600717038,0.4283952943188359,-5.210484695323725
0.2329752600717038,0.4283952943188359,-5.210484695323725
0.2329752600717038,0.4283952943188359,-5.210484695323725
0.2329752600717038,0.4283952943188359,-5.210484695323725
0.41719300090006284,0.5444722215136417,-5.366199002324217
0.41719300090006284,0.5444722215136417,-5.366199002324217
0.41719300090006284,0.5444722215136417,-5.366199002324217
0.41719300090006284,0.5444722215136417,-5.366199002324217
0.41719300090006284,0.5444722215136417,-5.366199002324217
0.32941542236300037,0.2347029601632798,0.6190549232680076
0.32941542236300037,0.2347029601632798,0.6190549232680076
0.32941542236300037,0.2347029601632798,0.6190549232680076
0.32941542236300037,0.2347029601632798,0.6190549232680076
0.32941542236300037,0.2347029601632798,0.6190549232680076
0.32941542236300037,0.2347029601632798,0.6190549232680076
0.32941542236300037,0.2347029601632798,0.6190549232680076
0.199529477316752,0.4458564653357667,-5.13317823482265
0.199529477316752,0.4458564653357667,-5.13317823482265
0.199529477316752,0.4458564653357667,-5.13317823482265
0.199529477316752,0.4458564653357667,-5.13317823482265
0.199529477316752,0.4458564653357667,-5.13317823482265
0.199529477316752,0.4458564653357667,-5.13317823482265
0.199529477316752,0.4458564653357667,-5.13317823482265
0.199529477316752,0.4458564653357667,-5.13317823482265
0.199529477316752,0.4458564653357667,-5.13317823482265
0.199529477316752,0.4458564653357667,-5.13317823482265
0.199529477316752,0.4458564653357667,-5.13317823482265
0.199529477316752,0.4458564653357667,-5.13317823482265
0.199529477316752,0.4458564653357667,-5.13317823482265
0.0815257782265514,0.3084696864921335,-4.97077216656521
0.3498981047938795,0.8667590877871725,-5.096068498248773
0.3498981047938795,0.8667590877871725,-5.096068498248773
0.3498981047938795,0.8667590877871725,-5.096068498248773
0.3498981047938795,0.8667590877871725,-5.096068498248773
0.3498981047938795,0.8667590877871725,-5.096068498248773
0.3498981047938795,0.8667590877871725,-5.096068498248773
0.3498981047938795,0.8667590877871725,-5.096068498248773
0.3498981047938795,0.8667590877871725,-5.096068498248773
0.3498981047938795,0.8667590877871725,-5.096068498248773
0.19096720170764608,0.26614193181825213,-5.33478932164423
0.19096720170764608,0.26614193181825213,-5.33478932164423
0.19096720170764608,0.26614193181825213,-5.33478932164423
0.19096720170764608,0.26614193181825213,-5.33478932164423
0.19096720170764608,0.26614193181825213,-5.33478932164423
0.19096720170764608,0.26614193181825213,-5.33478932164423
0.19096720170764608,0.26614193181825213,-5.33478932164423
0.19096720170764608,0.26614193181825213,-5.33478932164423
0.19096720170764608,0.26614193181825213,-5.33478932164423
0.19096720170764608,0.26614193181825213,-5.33478932164423
0.19096720170764608,0.26614193181825213,-5.33478932164423
0.19096720170764608,0.26614193181825213,-5.33478932164423
0.19096720170764608,0.26614193181825213,-5.33478932164423
0.19096720170764608,0.26614193181825213,-5.33478932164423
0.19096720170764608,0.26614193181825213,-5.33478932164423
0.16352188794794706,0.012672496278912182,0.07734265959608244
0.16352188794794706,0.012672496278912182,0.07734265959608244
0.16352188794794706,0.012672496278912182,0.07734265959608244
0.16352188794794706,0.012672496278912182,0.07734265959608244
0.16352188794794706,0.012672496278912182,0.07734265959608244
0.16352188794794706,0.012672496278912182,0.07734265959608244
0.16352188794794706,0.012672496278912182,0.07734265959608244
0.16352188794794706,0.012672496278912182,0.07734265959608244
0.16352188794794706,0.012672496278912182,0.07734265959608244
0.16352188794794706,0.012672496278912182,0.07734265959608244
0.16352188794794706,0.012672496278912182,0.07734265959608244
0.16352188794794706,0.012672496278912182,0.07734265959608244
0.16352188794794706,0.012672496278912182,0.07734265959608244
0.16352188794794706,0.012672496278912182,0.07734265959608244
0.16352188794794706,0.012672496278912182,0.07734265959608244
0.1758528233954986,-0.019385161950099473,-0.10979185720306317
0.1758528233954986,-0.019385161950099473,-0.10979185720306317
0.1758528233954986,-0.019385161950099473,-0.10979185720306317
0.1758528233954986,-0.019385161950099473,-0.10979185720306317
0.1758528233954986,-0.019385161950099473,-0.10979185720306317
0.1758528233954986,-0.019385161950099473,-0.10979185720306317
0.1758528233954986,-0.019385161950099473,-0.10979185720306317
0.1758528233954986,-0.019385161950099473,-0.10979185720306317
0.1758528233954986,-0.019385161950099473,-0.10979185720306317
0.1758528233954986,-0.019385161950099473,-0.10979185720306317
0.1758528233954986,-0.019385161950099473,-0.10979185720306317
0.1758528233954986,-0.019385161950099473,-0.10979185720306317
0.1758528233954986,-0.019385161950099473,-0.10979185720306317
0.1758528233954986,-0.019385161950099473,-0.10979185720306317
0.08866509322989817,0.2832640133206713,-5.015740415281193
0.45039206228496453,0.5929983054197513,-5.361952949557786
0.45039206228496453,0.5929983054197513,-5.361952949557786
0.45039206228496453,0.5929983054197513,-5.361952949557786
0.45039206228496453,0.5929983054197513,-5.361952949557786
0.45039206228496453,0.5929983054197513,-5.361952949557786
0.45039206228496453,0.5929983054197513,-5.361952949557786
0.45039206228496453,0.5929983054197513,-5.361952949557786
0.45039206228496453,0.5929983054197513,-5.361952949557786
0.45039206228496453,0.5929983054197513,-5.361952949557786
0.45039206228496453,0.5929983054197513,-5.361952949557786
0.45039206228496453,0.5929983054197513,-5.361952949557786
0.45039206228496453,0.5929983054197513,-5.361952949557786
0.45039206228496453,0.5929983054197513,-5.361952949557786
0.45039206228496453,0.5929983054197513,-5.361952949557786
0.45039206228496453,0.5929983054197513,-5.361952949557786
-0.08111244287602352,0.4898170797457801,-4.54828083470165
-0.08111244287602352,0.4898170797457801,-4.54828083470165
-0.08111244287602352,0.4898170797457801,-4.54828083470165
-0.08111244287602352,0.4898170797457801,-4.54828083470165
-0.08111244287602352,0.4898170797457801,-4.54828083470165
-0.08111244287602352,0.4898170797457801,-4.54828083470165
-0.08111244287602352,0.4898170797457801,-4.54828083470165
-0.08111244287602352,0.4898170797457801,-4.54828083470165
-0.08111244287602352,0.4898170797457801,-4.54828083470165
-0.08111244287602352,0.4898170797457801,-4.54828083470165
-0.08111244287602352,0.4898170797457801,-4.54828083470165
-0.0509081560937581,0.3998854331469622,-4.585763271393311
-0.0509081560937581,0.3998854331469622,-4.585763271393311
-0.0509081560937581,0.3998854331469622,-4.585763271393311
-0.0509081560937581,0.3998854331469622,-4.585763271393311
-0.0509081560937581,0.3998854331469622,-4.585763271393311
-0.0509081560937581,0.3998854331469622,-4.585763271393311
-0.0509081560937581,0.3998854331469622,-4.585763271393311
-0.0509081560937581,0.3998854331469622,-4.585763271393311
-0.10643048155654718,0.3676582007730026,-4.430609314100673
-0.10643048155654718,0.3676582007730026,-4.430609314100673
-0.10643048155654718,0.3676582007730026,-4.430609314100673
-0.10643048155654718,0.3676582007730026,-4.430609314100673
-0.10643048155654718,0.3676582007730026,-4.430609314100673
-0.10643048155654718,0.3676582007730026,-4.430609314100673
-0.10643048155654718,0.3676582007730026,-4.430609314100673
-0.10643048155654718,0.3676582007730026,-4.430609314100673
-0.10643048155654718,0.3676582007730026,-4.430609314100673
-0.10643048155654718,0.3676582007730026,-4.430609314100673
-0.10643048155654718,0.3676582007730026,-4.430609314100673
-0.10643048155654718,0.3676582007730026,-4.430609314100673
-0.10643048155654718,0.3676582007730026,-4.430609314100673
-0.10643048155654718,0.3676582007730026,-4.430609314100673
0.16704241500242822,0.5808587019148087,-4.992411214109213
0.16704241500242822,0.5808587019148087,-4.992411214109213
0.16704241500242822,0.5808587019148087,-4.992411214109213
0.16704241500242822,0.5808587019148087,-4.992411214109213
0.16704241500242822,0.5808587019148087,-4.992411214109213
0.16704241500242822,0.5808587019148087,-4.992411214109213
0.16704241500242822,0.5808587019148087,-4.992411214109213
0.16704241500242822,0.5808587019148087,-4.992411214109213
0.16704241500242822,0.5808587019148087,-4.992411214109213
0.16704241500242822,0.5808587019148087,-4.992411214109213
0.16704241500242822,0.5808587019148087,-4.992411214109213
0.16704241500242822,0.5808587019148087,-4.992411214109213
0.16704241500242822,0.5808587019148087,-4.992411214109213
0.09811925913545416,0.3194880451389529,-5.0103595560936665
0.09811925913545416,0.3194880451389529,-5.0103595560936665
0.09811925913545416,0.3194880451389529,-5.0103595560936665
0.09811925913545416,0.3194880451389529,-5.0103595560936665
0.09811925913545416,0.3194880451389529,-5.0103595560936665
0.09811925913545416,0.3194880451389529,-5.0103595560936665
0.09811925913545416,0.3194880451389529,-5.0103595560936665
0.09811925913545416,0.3194880451389529,-5.0103595560936665
0.09811925913545416,0.3194880451389529,-5.0103595560936665
0.09811925913545416,0.3194880451389529,-5.0103595560936665
0.09811925913545416,0.3194880451389529,-5.0103595560936665
0.09811925913545416,0.3194880451389529,-5.0103595560936665
0.09811925913545416,0.3194880451389529,-5.0103595560936665
0.15978164821808824,0.13953431439151842,-5.565329599417294
0.15978164821808824,0.13953431439151842,-5.565329599417294
0.15978164821808824,0.13953431439151842,-5.565329599417294
0.15978164821808824,0.13953431439151842,-5.565329599417294
0.15978164821808824,0.13953431439151842,-5.565329599417294
0.15978164821808824,0.13953431439151842,-5.565329599417294
0.15978164821808824,0.13953431439151842,-5.565329599417294
0.15978164821808824,0.13953431439151842,-5.565329599417294
0.15978164821808824,0.13953431439151842,-5.565329599417294
0.15978164821808824,0.13953431439151842,-5.565329599417294
0.15978164821808824,0.13953431439151842,-5.565329599417294
0.15978164821808824,0.13953431439151842,-5.565329599417294
0.15978164821808824,0.13953431439151842,-5.565329599417294
-0.027331318580651118,-0.19660365974376715,-1.7089283722489261
-0.027331318580651118,-0.19660365974376715,-1.7089283722489261
-0.027331318580651118,-0.19660365974376715,-1.7089283722489261
-0.027331318580651118,-0.19660365974376715,-1.7089283722489261
-0.027331318580651118,-0.19660365974376715,-1.7089283722489261
-0.027331318580651118,-0.19660365974376715,-1.7089283722489261
-0.027331318580651118,-0.19660365974376715,-1.7089283722489261
-0.027331318580651118,-0.19660365974376715,-1.7089283722489261
-0.027331318580651118,-0.19660365974376715,-1.7089283722489261
-0.027331318580651118,-0.19660365974376715,-1.7089283722489261
-0.027331318580651118,-0.19660365974376715,-1.7089283722489261
-0.027331318580651118,-0.19660365974376715,-1.7089283722489261
-0.027331318580651118,-0.19660365974376715,-1.7089283722489261
-0.027331318580651118,-0.19660365974376715,-1.7089283722489261
0.04981950177325319,-0.0042446723153645805,-0.08499574815509892
0.04981950177325319,-0.0042446723153645805,-0.08499574815509892
0.04981950177325319,-0.0042446723153645805,-0.08499574815509892
0.04981950177325319,-0.0042446723153645805,-0.08499574815509892
0.04981950177325319,-0.0042446723153645805,-0.08499574815509892
0.04981950177325319,-0.0042446723153645805,-0.08499574815509892
0.04981950177325319,-0.0042446723153645805,-0.08499574815509892
0.04981950177325319,-0.0042446723153645805,-0.08499574815509892
0.04981950177325319,-0.0042446723153645805,-0.08499574815509892
0.04981950177325319,-0.0042446723153645805,-0.08499574815509892
0.04981950177325319,-0.0042446723153645805,-0.08499574815509892
0.04981950177325319,-0.0042446723153645805,-0.08499574815509892
0.14387869845486104,0.28477872134507376,-5.180211676804529
0.14387869845486104,0.28477872134507376,-5.180211676804529
0.14387869845486104,0.28477872134507376,-5.180211676804529
0.14387869845486104,0.28477872134507376,-5.180211676804529
0.14387869845486104,0.28477872134507376,-5.180211676804529
0.14387869845486104,0.28477872134507376,-5.180211676804529
0.2913631127898394,0.291731960034233,-5.49715457593448
0.2913631127898394,0.291731960034233,-5.49715457593448
0.2913631127898394,0.291731960034233,-5.49715457593448
0.2913631127898394,0.291731960034233,-5.49715457593448
0.2913631127898394,0.291731960034233,-5.49715457593448
0.2913631127898394,0.291731960034233,-5.49715457593448
0.2913631127898394,0.291731960034233,-5.49715457593448
0.2913631127898394,0.291731960034233,-5.49715457593448
0.2913631127898394,0.291731960034233,-5.49715457593448
0.2913631127898394,0.291731960034233,-5.49715457593448
0.2913631127898394,0.291731960034233,-5.49715457593448
0.2913631127898394,0.291731960034233,-5.49715457593448
0.21197437352322826,0.3549181102302824,-5.250782996852765
0.21197437352322826,0.3549181102302824,-5.250782996852765
0.21197437352322826,0.3549181102302824,-5.250782996852765
0.21197437352322826,0.3549181102302824,-5.250782996852765
0.21197437352322826,0.3549181102302824,-5.250782996852765
0.21197437352322826,0.3549181102302824,-5.250782996852765
0.21197437352322826,0.3549181102302824,-5.250782996852765
0.21197437352322826,0.3549181102302824,-5.250782996852765
0.21197437352322826,0.3549181102302824,-5.250782996852765
0.21197437352322826,0.3549181102302824,-5.250782996852765
0.21197437352322826,0.3549181102302824,-5.250782996852765
-0.14493747041084049,0.24040201677795203,-4.16984261756093
0.011922267463113914,0.19687015908597721,-4.772874149605027
0.011922267463113914,0.19687015908597721,-4.772874149605027
0.011922267463113914,0.19687015908597721,-4.772874149605027
0.011922267463113914,0.19687015908597721,-4.772874149605027
0.011922267463113914,0.19687015908597721,-4.772874149605027
0.011922267463113914,0.19687015908597721,-4.772874149605027
0.011922267463113914,0.19687015908597721,-4.772874149605027
0.011922267463113914,0.19687015908597721,-4.772874149605027
0.011922267463113914,0.19687015908597721,-4.772874149605027
0.011922267463113914,0.19687015908597721,-4.772874149605027
0.011922267463113914,0.19687015908597721,-4.772874149605027
0.011922267463113914,0.19687015908597721,-4.772874149605027
0.011922267463113914,0.19687015908597721,-4.772874149605027
0.011922267463113914,0.19687015908597721,-4.772874149605027
0.08120905569439665,-0.09330106791041773,-0.8545787656295634
0.08120905569439665,-0.09330106791041773,-0.8545787656295634
0.08120905569439665,-0.09330106791041773,-0.8545787656295634
0.08120905569439665,-0.09330106791041773,-0.8545787656295634
0.08120905569439665,-0.09330106791041773,-0.8545787656295634
0.08120905569439665,-0.09330106791041773,-0.8545787656295634
0.10895787319195063,0.1644024995840599,-5.297675634402255
0.10895787319195063,0.1644024995840599,-5.297675634402255
0.10895787319195063,0.1644024995840599,-5.297675634402255
0.10895787319195063,0.1644024995840599,-5.297675634402255
0.10895787319195063,0.1644024995840599,-5.297675634402255
0.10895787319195063,0.1644024995840599,-5.297675634402255
0.10895787319195063,0.1644024995840599,-5.297675634402255
0.10895787319195063,0.1644024995840599,-5.297675634402255
0.10895787319195063,0.1644024995840599,-5.297675634402255
0.10895787319195063,0.1644024995840599,-5.297675634402255
0.10895787319195063,0.1644024995840599,-5.297675634402255
0.10895787319195063,0.1644024995840599,-5.297675634402255
0.10895787319195063,0.1644024995840599,-5.297675634402255
0.10895787319195063,0.1644024995840599,-5.297675634402255
0.16332655102432106,0.2354239531791526,-5.318911379744286
0.16332655102432106,0.2354239531791526,-5.318911379744286
0.047365395114269626,0.26787407367206917,-4.887399661281597
0.047365395114269626,0.26787407367206917,-4.887399661281597
0.047365395114269626,0.26787407367206917,-4.887399661281597
0.047365395114269626,0.26787407367206917,-4.887399661281597
0.047365395114269626,0.26787407367206917,-4.887399661281597
0.047365395114269626,0.26787407367206917,-4.887399661281597
0.047365395114269626,0.26787407367206917,-4.887399661281597
0.047365395114269626,0.26787407367206917,-4.887399661281597
0.047365395114269626,0.26787407367206917,-4.887399661281597
0.047365395114269626,0.26787407367206917,-4.887399661281597
0.2652721087828386,0.21196864933736279,-5.6090170667235535
0.2652721087828386,0.21196864933736279,-5.6090170667235535
0.2652721087828386,0.21196864933736279,-5.6090170667235535
0.2652721087828386,0.21196864933736279,-5.6090170667235535
0.2652721087828386,0.21196864933736279,-5.6090170667235535
0.2652721087828386,0.21196864933736279,-5.6090170667235535
0.2652721087828386,0.21196864933736279,-5.6090170667235535
0.2652721087828386,0.21196864933736279,-5.6090170667235535
0.2652721087828386,0.21196864933736279,-5.6090170667235535
0.2652721087828386,0.21196864933736279,-5.6090170667235535
0.2652721087828386,0.21196864933736279,-5.6090170667235535
0.2652721087828386,0.21196864933736279,-5.6090170667235535
-0.011330336719599987,0.2467217531346202,-4.666497681706112
-0.011330336719599987,0.2467217531346202,-4.666497681706112
-0.011330336719599987,0.2467217531346202,-4.666497681706112
-0.011330336719599987,0.2467217531346202,-4.666497681706112
-0.011330336719599987,0.2467217531346202,-4.666497681706112
-0.011330336719599987,0.2467217531346202,-4.666497681706112
-0.011330336719599987,0.2467217531346202,-4.666497681706112
-0.011330336719599987,0.2467217531346202,-4.666497681706112
-0.011330336719599987,0.2467217531346202,-4.666497681706112
-0.011330336719599987,0.2467217531346202,-4.666497681706112
-0.011330336719599987,0.2467217531346202,-4.666497681706112
-0.011330336719599987,0.2467217531346202,-4.666497681706112
0.11556530563545418,0.2813266075816222,-5.102159746113962
0.11556530563545418,0.2813266075816222,-5.102159746113962
0.11556530563545418,0.2813266075816222,-5.102159746113962
0.11556530563545418,0.2813266075816222,-5.102159746113962
0.11556530563545418,0.2813266075816222,-5.102159746113962
0.11556530563545418,0.2813266075816222,-5.102159746113962
0.11556530563545418,0.2813266075816222,-5.102159746113962
0.11556530563545418,0.2813266075816222,-5.102159746113962
0.11556530563545418,0.2813266075816222,-5.102159746113962
0.11556530563545418,0.2813266075816222,-5.102159746113962
0.11556530563545418,0.2813266075816222,-5.102159746113962
0.11556530563545418,0.2813266075816222,-5.102159746113962
0.11556530563545418,0.2813266075816222,-5.102159746113962
0.11556530563545418,0.2813266075816222,-5.102159746113962
0.11556530563545418,0.2813266075816222,-5.102159746113962
-0.0876152408417032,0.1040363858092463,-4.012464320839815
-0.0876152408417032,0.1040363858092463,-4.012464320839815
-0.0876152408417032,0.1040363858092463,-4.012464320839815
-0.0876152408417032,0.1040363858092463,-4.012464320839815
-0.0876152408417032,0.1040363858092463,-4.012464320839815
-0.0876152408417032,0.1040363858092463,-4.012464320839815
-0.0876152408417032,0.1040363858092463,-4.012464320839815
-0.0876152408417032,0.1040363858092463,-4.012464320839815
-0.0876152408417032,0.1040363858092463,-4.012464320839815
-0.0876152408417032,0.1040363858092463,-4.012464320839815
-0.0876152408417032,0.1040363858092463,-4.012464320839815
-0.0876152408417032,0.1040363858092463,-4.012464320839815
-0.0876152408417032,0.1040363858092463,-4.012464320839815
-0.0876152408417032,0.1040363858092463,-4.012464320839815
